,ID,Label,AGE,GENDER,MARITAL_STATUS,MONTHLY_INCOME_WHITHOUT_TAX,LOANTYPE,GAGE_TOTLE_PRICE,APPLY_AMOUNT,APPLY_TERM_TIME,APPLY_INTEREST_RATE,PAYMENT_TYPE
0,1,1,0.0,1,0,3.0,0,0,2,0,2,0
1,2,1,0.0,1,2,1.0,0,1,1,0,2,0
2,3,1,0.0,1,2,2.0,1,1,4,0,2,0
3,4,0,0.0,1,1,2.0,0,2,4,0,1,0
4,5,0,0.0,1,1,2.0,0,2,4,0,1,0
5,6,1,0.0,1,0,2.0,1,0,1,0,3,0
6,7,0,0.0,1,2,2.0,0,3,3,0,1,0
7,8,0,0.0,1,0,2.0,0,2,4,0,1,1
8,9,0,0.0,1,0,1.0,1,0,0,0,1,0
9,10,1,1.0,1,0,1.0,1,0,0,0,3,0
10,11,1,1.0,1,2,2.0,0,1,2,0,1,1
11,12,0,1.0,0,1,1.0,1,1,0,0,2,0
12,13,1,1.0,0,0,1.0,0,0,0,0,3,0
13,14,1,1.0,1,0,2.0,0,1,3,0,3,0
14,15,0,1.0,1,1,2.0,0,2,2,0,1,0
15,16,1,1.0,1,1,2.0,0,2,0,0,1,1
16,17,1,1.0,0,0,1.0,0,0,0,0,1,0
17,18,0,1.0,0,1,1.0,0,2,0,0,1,1
18,19,1,1.0,0,0,1.0,0,0,0,0,3,0
19,20,1,1.0,1,1,1.0,1,0,0,0,1,0
20,21,1,1.0,0,1,1.0,1,0,0,0,3,0
21,22,1,1.0,1,0,3.0,0,0,2,0,1,0
22,23,1,1.0,1,0,3.0,0,0,2,0,1,0
23,24,1,1.0,1,1,3.0,0,2,4,0,2,1
24,25,1,1.0,0,1,2.0,0,2,4,0,3,1
25,26,1,1.0,0,0,1.0,1,0,0,0,1,1
26,27,0,1.0,0,1,2.0,0,1,2,0,1,0
27,28,1,1.0,0,1,2.0,0,2,4,0,2,1
28,29,1,1.0,0,2,2.0,0,1,0,0,3,1
29,30,0,1.0,1,1,2.0,0,2,4,0,1,1
30,31,1,1.0,0,1,2.0,0,0,2,0,2,0
31,32,0,1.0,1,1,0.0,0,0,0,0,1,0
32,33,1,1.0,0,1,2.0,0,1,3,0,3,0
33,34,0,1.0,0,0,2.0,0,1,1,0,1,0
34,35,0,1.0,0,1,2.0,0,2,1,0,1,0
35,36,1,1.0,1,1,4.0,0,3,4,0,3,1
36,37,0,1.0,0,0,4.0,0,0,0,0,1,0
37,38,1,1.0,0,1,1.0,1,0,0,0,3,1
38,39,1,1.0,1,0,2.0,0,1,2,0,1,1
39,40,0,1.0,0,1,1.0,1,1,0,0,1,0
40,41,1,1.0,0,2,2.0,0,1,3,0,3,1
41,42,1,1.0,1,1,2.0,0,1,4,0,3,0
42,43,1,1.0,0,1,3.0,0,1,3,0,3,0
43,44,1,1.0,0,1,2.0,1,1,3,0,2,0
44,45,1,1.0,1,1,2.0,0,1,2,0,2,1
45,46,0,1.0,0,0,2.0,1,1,0,0,2,0
46,47,1,1.0,0,1,3.0,0,2,4,0,2,0
47,48,1,1.0,0,1,3.0,1,3,4,0,3,0
48,49,1,1.0,0,1,2.0,1,0,0,0,2,0
49,50,1,1.0,1,0,1.0,0,0,0,0,2,0
50,51,1,1.0,1,1,2.0,0,2,4,0,3,0
51,52,0,1.0,0,0,2.0,0,2,4,0,1,0
52,53,0,1.0,0,0,2.0,0,2,0,0,1,1
53,54,1,1.0,0,2,1.0,0,0,0,0,2,0
54,55,1,1.0,1,1,3.0,0,0,1,0,2,0
55,56,0,1.0,1,1,2.0,0,2,2,0,1,0
56,57,1,2.0,0,0,2.0,0,1,3,0,3,0
57,58,1,2.0,1,0,0.0,0,2,4,0,3,0
58,59,0,2.0,1,1,2.0,0,1,3,0,1,0
59,60,1,2.0,0,0,1.0,0,1,1,0,2,0
60,61,0,2.0,1,0,2.0,0,1,2,0,1,0
61,62,1,2.0,1,1,2.0,1,1,0,0,2,0
62,63,0,2.0,1,1,2.0,0,2,0,0,1,1
63,64,1,2.0,0,1,2.0,1,0,1,0,3,0
64,65,1,2.0,1,1,1.0,1,0,0,0,2,0
65,66,1,2.0,0,1,2.0,0,1,4,0,2,0
66,67,1,2.0,1,1,2.0,1,2,4,0,3,0
67,68,1,2.0,1,1,4.0,0,0,1,0,3,0
68,69,1,2.0,0,0,0.0,0,1,4,0,2,0
69,70,1,2.0,1,1,2.0,0,1,3,0,2,0
70,71,1,2.0,0,1,3.0,0,0,1,0,3,0
71,72,1,2.0,1,0,1.0,0,0,0,0,3,0
72,73,1,2.0,0,1,4.0,0,0,2,0,2,0
73,74,0,2.0,0,0,1.0,0,2,1,0,1,0
74,75,0,2.0,1,1,3.0,0,3,4,0,1,0
75,76,1,2.0,0,0,1.0,1,0,1,0,3,1
76,77,1,2.0,1,1,1.0,1,2,4,0,2,0
77,78,1,2.0,0,0,2.0,0,1,4,0,3,0
78,79,0,2.0,0,0,3.0,0,2,4,0,1,0
79,80,1,2.0,1,0,1.0,0,0,1,0,3,1
80,81,0,2.0,0,1,2.0,0,4,4,0,1,0
81,82,1,2.0,1,2,3.0,0,0,2,0,2,0
82,83,1,2.0,1,2,3.0,0,2,4,0,3,0
83,84,1,2.0,0,1,2.0,0,0,2,0,1,0
84,85,1,2.0,0,1,2.0,0,1,2,0,3,0
85,86,1,2.0,1,3,1.0,1,0,0,0,1,0
86,87,0,2.0,0,1,4.0,1,1,2,0,1,0
87,88,0,2.0,0,1,1.0,1,1,1,0,2,0
88,89,1,2.0,0,1,2.0,1,1,3,0,1,0
89,90,0,2.0,0,1,2.0,0,0,1,0,1,0
90,91,0,2.0,0,1,2.0,1,1,1,0,1,0
91,92,0,2.0,1,1,3.0,0,2,4,0,1,0
92,93,0,2.0,1,2,2.0,0,1,2,0,1,0
93,94,1,2.0,0,1,2.0,1,0,0,0,3,1
94,95,0,2.0,0,1,4.0,0,1,2,0,1,1
95,96,1,2.0,0,1,1.0,1,1,1,0,2,0
96,97,1,2.0,1,0,0.0,0,2,4,0,1,1
97,98,1,2.0,0,1,3.0,0,4,4,0,1,1
98,99,0,2.0,0,1,2.0,1,2,1,0,1,0
99,100,0,2.0,0,1,2.0,1,0,0,0,1,0
100,101,0,2.0,0,1,1.0,1,1,0,0,1,0
101,102,1,2.0,0,1,1.0,1,0,0,0,3,0
102,103,1,2.0,1,1,2.0,0,1,1,0,3,1
103,104,0,2.0,0,1,1.0,1,1,1,0,2,0
104,105,1,2.0,0,1,2.0,0,1,3,0,3,0
105,106,0,3.0,0,1,1.0,1,1,0,0,1,0
106,107,1,0.0,0,0,1.0,1,1,3,1,2,0
107,108,1,0.0,0,0,1.0,0,1,3,1,3,0
108,109,1,0.0,1,0,1.0,0,0,0,1,1,0
109,110,1,0.0,0,0,1.0,0,1,3,1,3,0
110,111,0,0.0,0,0,1.0,0,2,4,1,2,1
111,112,0,0.0,1,0,2.0,0,1,1,1,1,0
112,113,0,0.0,1,0,1.0,0,1,2,1,1,0
113,114,1,0.0,1,0,1.0,0,0,0,1,2,0
114,115,0,0.0,0,2,1.0,0,1,2,1,1,0
115,116,1,0.0,0,0,1.0,0,0,0,1,3,0
116,117,1,0.0,1,2,1.0,0,0,2,1,3,1
117,118,0,0.0,0,0,1.0,1,1,0,1,1,0
118,119,0,0.0,0,0,1.0,1,0,0,1,1,0
119,120,0,0.0,1,1,2.0,1,1,1,1,1,0
120,121,0,0.0,1,1,3.0,0,2,4,1,1,1
121,122,1,0.0,1,1,2.0,0,0,1,1,2,0
122,123,1,0.0,0,0,1.0,0,0,0,1,2,1
123,124,1,0.0,0,0,1.0,0,0,1,1,3,0
124,125,1,0.0,0,0,3.0,1,0,0,1,2,1
125,126,0,1.0,0,0,1.0,1,0,0,1,2,0
126,127,0,1.0,0,2,1.0,0,1,0,1,2,0
127,128,1,1.0,1,0,1.0,1,0,0,1,3,0
128,129,1,1.0,0,1,2.0,0,0,2,1,2,0
129,130,0,1.0,0,1,1.0,0,1,1,1,1,0
130,131,0,1.0,1,1,1.0,0,1,1,1,1,0
131,132,0,1.0,1,1,1.0,0,1,0,1,1,0
132,133,1,1.0,1,0,1.0,1,0,0,1,3,0
133,134,1,1.0,1,1,1.0,0,0,0,1,2,0
134,135,1,1.0,1,1,2.0,0,2,4,1,3,0
135,136,0,1.0,0,0,1.0,1,1,0,1,1,1
136,137,1,1.0,0,0,1.0,0,1,3,1,2,1
137,138,0,1.0,1,0,1.0,0,1,1,1,1,0
138,139,1,1.0,1,0,1.0,0,0,0,1,2,0
139,140,0,1.0,1,0,1.0,1,1,0,1,2,0
140,141,0,1.0,0,0,1.0,0,1,2,1,2,0
141,142,1,1.0,1,2,3.0,1,3,4,1,3,0
142,143,0,1.0,0,0,2.0,0,2,4,1,1,0
143,144,0,1.0,0,1,1.0,0,1,0,1,2,0
144,145,0,1.0,0,0,2.0,0,2,3,1,1,1
145,146,1,1.0,0,0,1.0,1,0,1,1,3,0
146,147,0,1.0,0,0,1.0,0,1,0,1,1,1
147,148,0,1.0,0,0,1.0,0,1,1,1,2,0
148,149,0,1.0,1,2,1.0,0,1,1,1,1,0
149,150,1,1.0,0,0,1.0,0,1,0,1,3,0
150,151,1,1.0,0,1,1.0,0,1,2,1,3,0
151,152,1,1.0,0,0,1.0,1,0,0,1,3,0
152,153,0,1.0,1,2,1.0,0,1,0,1,1,0
153,154,0,1.0,0,1,2.0,0,2,3,1,1,0
154,155,1,1.0,1,1,1.0,0,0,2,1,2,0
155,156,0,1.0,1,2,1.0,0,2,4,1,2,1
156,157,1,1.0,1,1,1.0,0,1,3,1,3,0
157,158,0,1.0,1,0,1.0,0,0,0,1,1,1
158,159,1,1.0,0,1,1.0,1,0,0,1,3,0
159,160,0,1.0,1,1,1.0,1,0,0,1,1,0
160,161,0,1.0,1,1,2.0,0,2,4,1,1,1
161,162,1,1.0,0,0,2.0,0,1,4,1,3,1
162,163,1,1.0,0,0,1.0,0,1,1,1,2,0
163,164,0,1.0,1,0,1.0,0,1,2,1,2,0
164,165,0,1.0,0,1,2.0,0,1,3,1,2,0
165,166,0,1.0,1,1,1.0,0,0,0,1,1,1
166,167,1,1.0,1,1,1.0,1,0,0,1,2,1
167,168,0,1.0,0,1,2.0,1,2,2,1,2,0
168,169,1,1.0,1,2,1.0,1,0,0,1,3,1
169,170,1,1.0,0,1,2.0,0,1,3,1,3,0
170,171,1,1.0,1,0,1.0,1,0,1,1,2,0
171,172,0,1.0,0,0,2.0,1,2,1,1,1,1
172,173,0,1.0,0,0,1.0,0,2,2,1,1,1
173,174,0,1.0,0,0,2.0,1,1,2,1,1,0
174,175,0,1.0,1,0,2.0,0,1,2,1,2,0
175,176,0,1.0,0,0,1.0,0,2,3,1,1,0
176,177,1,1.0,0,1,1.0,1,0,0,1,2,0
177,178,0,1.0,1,1,1.0,0,1,1,1,2,0
178,179,0,1.0,0,1,1.0,1,0,0,1,2,0
179,180,0,1.0,1,1,2.0,0,2,4,1,1,1
180,181,0,1.0,1,2,2.0,0,2,4,1,1,0
181,182,0,1.0,0,1,2.0,0,2,4,1,1,0
182,183,0,1.0,1,1,1.0,0,1,1,1,1,0
183,184,1,1.0,0,0,2.0,0,0,1,1,3,0
184,185,1,1.0,0,0,2.0,0,0,1,1,3,0
185,186,1,1.0,1,1,1.0,1,0,1,1,3,0
186,187,0,1.0,1,0,2.0,0,2,3,1,2,0
187,188,0,1.0,0,1,2.0,0,1,3,1,2,1
188,189,1,1.0,0,0,1.0,0,1,2,1,2,0
189,190,1,1.0,0,1,2.0,0,1,4,1,3,0
190,191,0,1.0,1,1,2.0,0,2,2,1,2,0
191,192,0,1.0,1,1,1.0,0,0,0,1,1,0
192,193,0,1.0,1,1,2.0,0,3,4,1,1,1
193,194,0,1.0,1,1,0.0,0,1,3,1,1,0
194,195,0,1.0,0,1,2.0,0,2,3,1,1,1
195,196,1,1.0,0,1,0.0,1,2,4,1,3,0
196,197,0,1.0,0,1,2.0,1,2,1,1,1,1
197,198,1,1.0,0,1,1.0,0,1,3,1,1,1
198,199,0,1.0,0,0,1.0,0,1,2,1,1,0
199,200,1,1.0,0,1,1.0,0,1,1,1,2,1
200,201,1,1.0,1,1,1.0,0,2,4,1,3,1
201,202,1,1.0,1,0,2.0,1,2,4,1,3,0
202,203,1,1.0,0,1,1.0,0,0,1,1,3,0
203,204,1,1.0,1,1,3.0,1,2,4,1,3,0
204,205,1,1.0,1,1,2.0,1,1,2,1,3,0
205,206,1,1.0,0,0,2.0,0,1,3,1,2,0
206,207,1,1.0,1,1,2.0,0,1,3,1,3,1
207,208,1,1.0,1,1,2.0,0,0,1,1,3,0
208,209,0,1.0,0,1,2.0,0,2,2,1,1,0
209,210,1,1.0,0,1,2.0,0,2,2,1,2,0
210,211,1,1.0,0,1,2.0,1,2,4,1,3,0
211,212,1,1.0,0,1,1.0,0,1,3,1,2,1
212,213,0,1.0,0,1,1.0,0,2,4,1,2,0
213,214,0,1.0,1,1,1.0,0,1,1,1,1,1
214,215,0,1.0,1,0,1.0,1,0,0,1,1,0
215,216,0,1.0,1,1,1.0,1,0,0,1,2,0
216,217,0,1.0,1,1,2.0,0,2,3,1,1,0
217,218,1,1.0,0,1,2.0,0,2,4,1,3,0
218,219,0,1.0,1,2,2.0,0,2,3,1,1,1
219,220,0,1.0,1,0,2.0,0,1,2,1,2,1
220,221,0,1.0,0,1,1.0,0,1,2,1,1,1
221,222,0,1.0,1,2,2.0,0,3,4,1,2,0
222,223,1,1.0,0,1,1.0,1,0,0,1,3,0
223,224,1,2.0,0,1,1.0,1,0,0,1,3,0
224,225,0,2.0,1,1,1.0,0,2,4,1,1,1
225,226,0,2.0,0,0,2.0,0,2,4,1,1,0
227,228,1,2.0,0,1,2.0,0,1,2,1,2,0
228,229,1,2.0,1,1,2.0,1,0,0,1,3,1
229,230,0,2.0,0,0,1.0,0,0,0,1,1,0
230,231,0,2.0,0,1,2.0,0,2,4,1,1,1
231,232,0,2.0,0,0,1.0,0,2,0,1,2,0
232,233,1,2.0,0,0,2.0,0,1,3,1,3,0
233,234,1,2.0,0,0,2.0,0,1,4,1,3,0
234,235,1,2.0,0,1,1.0,0,1,3,1,3,0
235,236,0,2.0,1,2,1.0,0,1,0,1,1,1
236,237,1,2.0,1,1,1.0,0,1,2,1,3,1
237,238,0,2.0,0,1,2.0,0,3,4,1,2,1
238,239,1,2.0,1,1,2.0,0,2,4,1,3,0
239,240,1,2.0,1,1,2.0,0,2,4,1,3,0
240,241,0,2.0,0,1,2.0,0,1,2,1,2,1
241,242,0,2.0,0,2,2.0,0,2,4,1,2,0
242,243,0,2.0,0,1,1.0,1,0,0,1,2,0
243,244,0,2.0,0,1,1.0,1,0,0,1,2,0
244,245,0,2.0,0,1,1.0,1,1,1,1,1,0
245,246,0,2.0,0,1,1.0,0,1,2,1,1,1
246,247,1,2.0,0,1,2.0,0,1,4,1,3,1
247,248,0,2.0,0,1,2.0,1,3,4,1,2,0
248,249,0,2.0,0,1,1.0,0,1,2,1,1,0
249,250,0,2.0,0,0,2.0,0,2,4,1,1,0
250,251,0,2.0,1,0,1.0,0,2,4,1,1,0
251,252,0,2.0,1,1,2.0,1,1,1,1,2,1
252,253,1,2.0,1,1,3.0,1,1,4,1,2,1
253,254,1,2.0,0,1,1.0,1,0,0,1,3,0
254,255,0,2.0,1,1,1.0,0,1,0,1,2,1
255,256,1,2.0,0,0,2.0,1,1,4,1,2,0
256,257,1,2.0,1,1,1.0,0,0,0,1,2,0
257,258,0,2.0,1,1,1.0,1,2,3,1,1,1
258,259,0,2.0,0,1,1.0,1,1,1,1,1,0
259,260,0,2.0,0,0,2.0,0,1,2,1,1,0
260,261,0,2.0,1,1,2.0,1,0,1,1,2,0
261,262,1,2.0,0,1,2.0,0,1,3,1,2,1
262,263,0,2.0,1,1,1.0,0,3,4,1,1,0
263,264,1,2.0,0,3,2.0,0,1,3,1,3,1
264,265,1,2.0,1,0,1.0,0,0,1,1,2,1
265,266,0,2.0,1,1,2.0,0,2,4,1,1,1
266,267,1,2.0,0,1,2.0,0,1,4,1,2,1
267,268,1,2.0,0,0,1.0,0,0,2,1,3,0
268,269,0,2.0,0,1,1.0,0,1,3,1,2,0
269,270,1,2.0,1,1,3.0,1,0,0,1,3,0
270,271,1,2.0,0,1,1.0,0,1,0,1,3,0
271,272,0,2.0,1,1,1.0,1,1,1,1,2,0
272,273,1,2.0,1,1,1.0,1,2,4,1,2,0
273,274,0,2.0,1,1,1.0,1,0,0,1,2,0
274,275,1,2.0,1,1,2.0,0,2,3,1,3,0
275,276,0,2.0,0,1,2.0,0,2,4,1,1,0
276,277,1,2.0,1,2,1.0,0,0,1,1,3,0
277,278,1,2.0,1,2,2.0,0,2,4,1,3,0
278,279,0,2.0,0,1,1.0,1,0,0,1,2,0
280,281,1,2.0,0,1,2.0,1,0,2,1,3,1
281,282,0,2.0,0,1,2.0,1,2,2,1,1,1
282,283,0,2.0,0,1,2.0,0,2,3,1,1,0
283,284,0,2.0,0,1,2.0,0,2,4,1,1,1
284,285,0,2.0,0,1,1.0,0,1,2,1,2,0
285,286,1,2.0,0,1,2.0,0,2,4,1,2,0
286,287,1,2.0,0,2,2.0,0,0,2,1,2,0
287,288,1,2.0,0,0,1.0,0,0,2,1,3,1
288,289,1,2.0,1,1,1.0,0,0,2,1,3,0
289,290,0,2.0,0,1,2.0,0,3,4,1,2,1
290,291,1,2.0,0,1,1.0,1,0,0,1,2,0
291,292,0,2.0,1,2,1.0,0,1,2,1,1,1
292,293,1,2.0,0,1,2.0,0,1,3,1,3,1
293,294,0,2.0,1,1,2.0,0,1,2,1,2,0
294,295,1,2.0,1,1,1.0,0,0,0,1,3,0
295,296,0,2.0,1,1,2.0,0,1,2,1,1,0
298,299,1,2.0,1,2,1.0,0,1,0,1,3,0
299,300,1,2.0,1,1,2.0,0,2,4,1,1,1
300,301,1,2.0,0,1,2.0,0,1,4,1,3,0
301,302,1,2.0,0,1,4.0,0,2,4,1,3,1
302,303,1,2.0,0,1,3.0,0,2,4,1,2,1
303,304,0,2.0,1,1,2.0,0,3,4,1,2,0
304,305,0,2.0,0,1,2.0,0,1,2,1,1,0
305,306,1,2.0,1,0,2.0,0,1,3,1,3,0
306,307,0,2.0,1,1,2.0,0,2,4,1,1,0
307,308,1,2.0,1,1,2.0,0,3,4,1,2,1
308,309,0,2.0,1,1,1.0,1,1,1,1,2,0
309,310,0,2.0,0,1,1.0,1,1,0,1,2,0
310,311,1,2.0,1,1,1.0,1,0,0,1,3,0
311,312,1,2.0,0,1,2.0,1,3,4,1,2,0
312,313,1,2.0,1,1,1.0,0,1,4,1,3,1
313,314,1,2.0,0,1,2.0,0,2,4,1,2,0
314,315,1,2.0,1,0,0.0,0,1,4,1,2,0
315,316,1,2.0,0,1,1.0,0,1,3,1,3,1
316,317,1,2.0,1,2,1.0,0,1,1,1,3,1
317,318,0,2.0,0,1,1.0,1,0,0,1,2,1
318,319,0,2.0,1,1,2.0,1,1,1,1,2,0
319,320,0,2.0,1,1,1.0,0,1,1,1,2,0
320,321,0,2.0,0,0,3.0,0,1,0,1,2,0
321,322,0,2.0,0,1,1.0,0,3,2,1,1,1
322,323,1,2.0,0,1,1.0,0,1,2,1,3,0
323,324,1,2.0,1,0,2.0,0,1,3,1,3,0
324,325,1,2.0,0,1,2.0,1,2,4,1,2,1
325,326,1,2.0,1,1,3.0,0,3,4,1,3,0
326,327,0,2.0,0,1,1.0,0,2,4,1,1,0
327,328,0,2.0,0,0,1.0,0,3,3,1,1,0
328,329,0,2.0,0,1,1.0,0,3,4,1,1,1
329,330,1,2.0,0,1,2.0,1,0,2,1,3,0
330,331,1,2.0,1,1,1.0,1,1,3,1,2,0
331,332,0,2.0,0,1,2.0,0,2,4,1,1,1
332,333,0,2.0,0,2,2.0,0,2,3,1,1,0
333,334,0,2.0,0,2,1.0,1,1,1,1,2,1
334,335,0,2.0,1,1,1.0,0,0,0,1,1,1
335,336,1,2.0,1,1,1.0,0,0,0,1,2,1
336,337,1,2.0,0,1,1.0,1,1,0,1,3,0
337,338,1,2.0,1,1,3.0,0,2,4,1,1,0
338,339,0,2.0,1,1,1.0,0,1,2,1,2,0
339,340,1,2.0,0,1,1.0,0,1,2,1,3,0
340,341,1,2.0,0,1,2.0,0,0,0,1,2,0
341,342,0,2.0,1,3,1.0,0,0,0,1,2,0
342,343,1,2.0,0,1,2.0,0,0,0,1,3,0
343,344,0,2.0,0,1,2.0,0,2,4,1,1,0
344,345,1,2.0,0,1,1.0,1,0,0,1,2,1
345,346,1,2.0,0,2,2.0,0,1,4,1,3,0
346,347,1,2.0,0,1,1.0,0,0,0,1,2,0
347,348,0,2.0,0,2,1.0,0,1,1,1,1,0
348,349,1,2.0,1,0,3.0,0,0,0,1,3,1
349,350,1,2.0,1,0,3.0,0,0,0,1,3,1
350,351,1,2.0,1,0,3.0,0,0,0,1,3,1
351,352,1,2.0,1,1,2.0,1,1,4,1,3,0
352,353,0,2.0,0,2,1.0,0,1,2,1,1,0
353,354,1,2.0,0,1,2.0,0,1,3,1,2,0
354,355,0,2.0,0,1,1.0,0,1,2,1,2,0
355,356,0,2.0,1,1,2.0,0,2,3,1,1,1
356,357,1,3.0,0,1,2.0,0,0,1,1,3,0
357,358,1,3.0,1,3,3.0,1,1,3,1,3,0
358,359,1,3.0,0,0,0.0,1,2,4,1,3,1
359,360,0,0.0,0,0,1.0,1,1,1,2,2,0
360,361,0,0.0,1,0,1.0,1,0,0,2,1,0
361,362,0,0.0,0,2,1.0,1,1,1,2,1,0
362,363,0,0.0,0,0,1.0,0,1,2,2,1,0
363,364,1,0.0,1,0,1.0,0,1,2,2,2,0
364,365,0,0.0,1,1,0.0,0,2,4,2,2,0
365,366,0,0.0,0,0,1.0,0,2,3,2,1,0
366,367,1,0.0,0,0,2.0,0,0,1,2,2,0
367,368,1,0.0,1,1,1.0,0,1,4,2,3,1
368,369,1,0.0,0,0,2.0,0,0,1,2,2,0
369,370,0,0.0,1,0,1.0,0,0,0,2,1,0
370,371,0,0.0,1,2,1.0,0,1,1,2,1,0
371,372,0,0.0,1,1,2.0,0,1,2,2,1,0
372,373,0,0.0,0,0,2.0,0,1,2,2,1,0
373,374,0,0.0,0,1,1.0,1,0,0,2,1,0
374,375,1,0.0,1,0,1.0,0,0,2,2,3,0
375,376,0,0.0,0,0,1.0,0,2,3,2,1,0
376,377,0,0.0,1,0,0.0,0,1,2,2,1,1
377,378,0,0.0,0,0,1.0,0,1,2,2,2,1
378,379,1,0.0,1,0,1.0,0,0,1,2,3,0
379,380,0,0.0,1,1,1.0,1,0,0,2,1,0
380,381,0,0.0,0,0,1.0,1,1,1,2,1,0
381,382,0,0.0,0,1,1.0,1,0,0,2,2,0
383,384,0,0.0,0,0,1.0,0,1,1,2,1,0
384,385,0,0.0,0,0,1.0,0,1,0,2,1,0
385,386,1,1.0,1,0,1.0,0,0,0,2,3,1
386,387,1,1.0,0,1,3.0,0,1,2,2,1,0
387,388,0,1.0,0,0,1.0,1,0,0,2,1,0
388,389,0,1.0,0,0,1.0,0,1,3,2,2,0
389,390,0,1.0,1,1,2.0,0,1,2,2,1,0
390,391,0,1.0,0,0,1.0,1,2,2,2,1,1
391,392,0,1.0,0,0,1.0,1,1,1,2,1,1
392,393,0,1.0,0,0,1.0,0,2,4,2,1,0
393,394,0,1.0,0,2,1.0,0,1,2,2,1,0
394,395,0,1.0,1,1,1.0,0,1,2,2,2,0
395,396,0,1.0,0,0,1.0,0,1,1,2,2,0
396,397,0,1.0,0,0,1.0,0,1,2,2,1,1
397,398,1,1.0,1,2,1.0,0,1,3,2,3,0
398,399,0,1.0,1,0,0.0,0,0,0,2,2,0
399,400,1,1.0,1,1,1.0,0,0,1,2,3,0
400,401,0,1.0,1,0,1.0,1,0,0,2,1,0
401,402,1,1.0,0,0,1.0,1,0,1,2,3,1
402,403,0,1.0,1,2,1.0,1,1,1,2,2,0
403,404,0,1.0,0,1,1.0,1,0,0,2,1,0
404,405,0,1.0,0,0,1.0,1,1,0,2,1,0
405,406,0,1.0,1,0,1.0,0,1,1,2,1,1
406,407,0,1.0,1,1,1.0,1,1,1,2,2,0
407,408,0,1.0,0,0,1.0,0,1,1,2,2,0
408,409,1,1.0,1,2,1.0,0,0,1,2,2,0
409,410,1,1.0,0,1,1.0,0,1,3,2,3,0
410,411,1,1.0,0,1,1.0,0,0,1,2,2,0
411,412,1,1.0,0,0,1.0,0,0,1,2,3,0
412,413,0,1.0,1,1,1.0,0,0,0,2,2,0
413,414,0,1.0,0,0,1.0,0,1,2,2,1,1
414,415,1,1.0,0,0,1.0,0,0,2,2,3,0
415,416,0,1.0,1,0,1.0,0,2,2,2,1,0
416,417,1,1.0,0,0,2.0,0,1,2,2,3,0
417,418,0,1.0,0,0,1.0,0,1,1,2,1,0
419,420,1,1.0,0,0,1.0,0,1,1,2,3,1
420,421,0,1.0,0,2,1.0,1,1,1,2,2,0
421,422,0,1.0,0,1,1.0,0,0,0,2,1,0
422,423,1,1.0,1,0,1.0,0,0,0,2,3,0
423,424,1,1.0,1,1,1.0,0,0,0,2,2,0
424,425,0,1.0,0,1,1.0,0,1,1,2,1,0
425,426,0,1.0,1,0,1.0,0,1,3,2,2,0
426,427,1,1.0,0,1,1.0,1,0,1,2,3,0
427,428,1,1.0,0,1,1.0,1,0,0,2,3,0
428,429,0,1.0,0,0,1.0,0,1,2,2,1,0
429,430,0,1.0,1,1,1.0,0,1,1,2,2,0
430,431,1,1.0,0,0,1.0,0,1,3,2,2,0
431,432,1,1.0,1,1,1.0,0,1,3,2,2,0
432,433,0,1.0,0,1,1.0,0,1,1,2,1,0
433,434,0,1.0,0,1,1.0,0,1,2,2,1,0
434,435,0,1.0,1,0,2.0,0,1,3,2,2,0
435,436,0,1.0,1,1,1.0,0,1,3,2,1,0
436,437,1,1.0,1,0,1.0,1,0,0,2,3,1
437,438,0,1.0,0,0,1.0,1,1,1,2,1,0
438,439,1,1.0,1,0,2.0,0,1,3,2,2,0
439,440,0,1.0,1,0,1.0,1,0,0,2,1,0
440,441,0,1.0,0,1,1.0,1,0,0,2,1,0
441,442,0,1.0,1,1,1.0,1,1,1,2,2,0
442,443,0,1.0,0,0,1.0,1,0,0,2,2,0
443,444,0,1.0,1,2,1.0,1,0,1,2,1,0
444,445,0,1.0,1,1,1.0,1,2,3,2,1,0
445,446,1,1.0,0,0,1.0,0,1,2,2,3,0
446,447,0,1.0,1,0,1.0,0,0,2,2,1,0
447,448,0,1.0,0,1,1.0,1,0,0,2,1,1
448,449,0,1.0,1,0,1.0,0,1,2,2,1,0
449,450,1,1.0,1,1,1.0,0,0,1,2,3,1
450,451,1,1.0,0,0,1.0,1,0,0,2,3,0
451,452,1,1.0,0,1,1.0,0,1,3,2,1,0
452,453,1,1.0,0,0,1.0,0,0,0,2,2,0
453,454,0,1.0,1,0,1.0,0,0,0,2,2,1
454,455,0,1.0,0,0,1.0,0,0,2,2,1,1
455,456,0,1.0,0,0,1.0,1,1,1,2,2,0
456,457,1,1.0,0,1,1.0,1,0,0,2,3,0
457,458,0,1.0,0,2,1.0,1,0,0,2,2,0
458,459,0,1.0,1,0,1.0,0,1,3,2,1,0
459,460,0,1.0,0,1,1.0,1,0,0,2,1,0
460,461,1,1.0,1,1,1.0,0,1,2,2,3,1
461,462,0,1.0,1,1,1.0,0,2,3,2,1,1
462,463,1,1.0,1,1,1.0,0,2,4,2,2,1
463,464,0,1.0,0,1,1.0,0,2,4,2,1,0
464,465,0,1.0,1,1,2.0,0,1,2,2,2,0
465,466,1,1.0,1,1,2.0,0,2,4,2,2,0
466,467,1,1.0,0,0,2.0,0,2,4,2,3,0
467,468,0,1.0,0,2,1.0,1,2,1,2,2,0
468,469,1,1.0,0,0,1.0,0,0,0,2,1,0
469,470,0,1.0,0,1,1.0,0,1,3,2,1,0
470,471,1,1.0,1,1,1.0,0,0,1,2,3,0
471,472,1,1.0,0,1,1.0,0,1,2,2,2,1
472,473,0,1.0,0,0,1.0,0,0,0,2,2,1
473,474,0,1.0,0,0,1.0,1,1,1,2,1,0
474,475,0,1.0,0,1,1.0,1,0,0,2,2,0
475,476,1,1.0,1,1,1.0,0,1,2,2,3,0
476,477,0,1.0,0,0,1.0,1,1,2,2,1,0
477,478,1,1.0,0,0,1.0,0,2,4,2,2,0
478,479,0,1.0,0,1,2.0,0,2,3,2,1,0
479,480,1,1.0,1,1,2.0,0,0,1,2,3,0
480,481,0,1.0,1,0,1.0,1,1,1,2,2,1
481,482,1,1.0,0,1,1.0,0,0,1,2,2,1
482,483,0,1.0,1,1,2.0,0,1,4,2,1,0
483,484,1,1.0,1,0,1.0,0,0,2,2,2,1
484,485,0,1.0,0,1,2.0,0,2,4,2,2,1
485,486,1,1.0,1,1,1.0,0,0,2,2,3,0
486,487,1,1.0,0,1,1.0,0,0,2,2,2,0
487,488,1,1.0,1,1,3.0,0,2,4,2,1,0
488,489,1,1.0,1,1,1.0,0,0,1,2,2,0
489,490,0,1.0,0,1,1.0,1,0,0,2,1,0
490,491,0,1.0,1,1,2.0,0,1,2,2,2,0
491,492,1,1.0,1,0,2.0,0,1,4,2,3,0
492,493,1,1.0,0,1,2.0,0,1,4,2,3,0
493,494,0,1.0,0,1,1.0,0,1,2,2,1,1
494,495,0,1.0,0,2,1.0,0,1,2,2,1,0
495,496,1,1.0,0,1,1.0,0,1,1,2,3,1
496,497,1,1.0,0,1,1.0,0,0,0,2,1,1
497,498,0,1.0,0,2,3.0,0,2,3,2,1,0
498,499,1,1.0,1,0,2.0,1,2,0,2,2,0
499,500,1,1.0,0,0,1.0,0,1,3,2,3,0
500,501,1,1.0,0,1,1.0,0,0,1,2,3,1
501,502,0,1.0,0,1,1.0,1,1,1,2,2,0
502,503,1,1.0,1,2,1.0,0,0,0,2,2,1
503,504,0,1.0,1,0,1.0,1,1,2,2,1,0
504,505,1,1.0,1,0,1.0,1,0,0,2,3,0
505,506,0,1.0,1,1,2.0,1,1,1,2,1,0
506,507,1,1.0,1,1,1.0,0,0,1,2,2,0
507,508,0,1.0,1,1,1.0,0,2,3,2,1,1
508,509,0,1.0,0,0,2.0,0,2,3,2,2,0
509,510,0,1.0,0,1,1.0,0,2,3,2,1,0
510,511,0,1.0,1,1,1.0,0,1,3,2,1,0
511,512,0,1.0,0,1,1.0,0,0,0,2,2,0
512,513,1,1.0,1,1,1.0,0,0,0,2,2,0
513,514,0,1.0,0,1,1.0,0,1,1,2,1,0
514,515,1,1.0,1,1,1.0,1,0,0,2,3,1
515,516,0,1.0,0,1,1.0,1,0,0,2,1,1
516,517,0,1.0,1,1,1.0,1,0,0,2,2,0
517,518,1,1.0,0,1,1.0,1,0,1,2,2,0
518,519,0,1.0,1,0,1.0,0,1,0,2,2,0
519,520,1,1.0,0,0,2.0,0,1,4,2,2,1
520,521,0,1.0,1,0,2.0,0,2,3,2,2,0
521,522,0,1.0,1,1,1.0,0,2,4,2,1,1
522,523,1,1.0,0,0,1.0,0,0,0,2,3,0
523,524,0,1.0,0,1,1.0,0,1,1,2,2,0
524,525,0,1.0,0,1,2.0,0,2,3,2,1,0
525,526,1,1.0,1,1,2.0,0,1,2,2,3,0
526,527,1,1.0,1,2,1.0,1,1,3,2,3,0
527,528,0,1.0,0,1,4.0,0,1,2,2,1,0
528,529,0,1.0,1,0,2.0,0,2,4,2,1,0
529,530,0,1.0,0,1,1.0,1,0,0,2,1,0
530,531,0,1.0,1,1,1.0,0,2,3,2,2,0
531,532,1,1.0,1,1,2.0,0,1,4,2,1,0
532,533,1,1.0,0,1,1.0,0,1,3,2,3,0
533,534,0,1.0,1,1,2.0,0,2,3,2,2,0
534,535,1,1.0,1,1,2.0,0,1,3,2,2,1
535,536,0,1.0,1,2,1.0,0,1,2,2,2,0
536,537,0,1.0,1,0,1.0,1,0,1,2,1,0
537,538,1,1.0,0,0,1.0,0,1,4,2,2,0
538,539,0,1.0,0,0,2.0,1,1,2,2,2,1
539,540,1,2.0,1,0,1.0,0,0,0,2,3,0
540,541,1,2.0,1,0,1.0,0,0,0,2,3,0
541,542,0,2.0,1,1,1.0,1,2,3,2,2,1
542,543,0,2.0,0,1,2.0,0,2,4,2,2,1
543,544,0,2.0,0,1,1.0,1,0,0,2,2,0
544,545,0,2.0,0,1,1.0,1,0,1,2,1,0
545,546,0,2.0,0,1,1.0,1,0,0,2,1,0
546,547,1,2.0,1,1,2.0,0,0,1,2,2,1
547,548,1,2.0,0,0,1.0,0,2,4,2,3,1
548,549,1,2.0,1,1,2.0,1,0,0,2,3,1
549,550,1,2.0,0,0,1.0,0,1,3,2,3,0
550,551,0,2.0,0,1,1.0,0,2,3,2,1,0
551,552,1,2.0,0,1,3.0,0,3,4,2,2,0
552,553,1,2.0,1,0,1.0,0,1,3,2,2,1
553,554,1,2.0,0,1,1.0,0,0,0,2,2,0
554,555,1,2.0,1,1,1.0,0,0,1,2,3,0
555,556,0,2.0,1,1,1.0,0,1,2,2,1,0
556,557,1,2.0,0,1,3.0,1,0,1,2,3,0
557,558,0,2.0,0,1,1.0,0,0,0,2,2,0
558,559,1,2.0,0,1,2.0,1,2,4,2,3,0
559,560,0,2.0,1,1,1.0,0,2,4,2,1,0
560,561,0,2.0,0,0,2.0,0,2,4,2,1,0
561,562,0,2.0,0,1,2.0,0,2,4,2,1,0
562,563,1,2.0,0,1,1.0,0,0,2,2,2,1
563,564,0,2.0,0,1,1.0,1,1,1,2,2,0
564,565,1,2.0,0,0,2.0,0,2,4,2,3,0
565,566,0,2.0,0,1,1.0,0,0,1,2,1,0
566,567,0,2.0,1,2,1.0,1,0,0,2,1,0
567,568,0,2.0,1,1,1.0,1,1,1,2,1,0
568,569,0,2.0,0,1,1.0,0,0,0,2,2,0
569,570,1,2.0,1,2,1.0,0,0,1,2,1,0
570,571,0,2.0,0,2,1.0,0,2,4,2,1,1
571,572,0,2.0,0,2,1.0,1,1,0,2,2,0
572,573,0,2.0,1,0,2.0,0,2,4,2,1,0
573,574,0,2.0,1,1,2.0,0,2,4,2,2,0
574,575,0,2.0,0,1,1.0,0,1,1,2,1,0
575,576,0,2.0,0,1,2.0,0,1,2,2,2,0
576,577,1,2.0,1,1,3.0,1,1,2,2,3,0
577,578,0,2.0,1,1,1.0,0,3,4,2,1,0
578,579,0,2.0,0,1,1.0,1,1,1,2,2,0
579,580,1,2.0,0,1,1.0,0,0,2,2,3,0
580,581,0,2.0,0,2,1.0,0,1,1,2,1,0
581,582,0,2.0,0,1,1.0,1,0,0,2,2,0
582,583,0,2.0,1,1,2.0,0,1,2,2,1,0
583,584,0,2.0,0,1,1.0,0,2,3,2,1,0
584,585,0,2.0,0,1,1.0,0,1,2,2,1,0
585,586,0,2.0,1,1,1.0,1,0,0,2,2,0
586,587,1,2.0,0,1,1.0,1,1,2,2,2,0
587,588,1,2.0,1,1,0.0,0,1,4,2,2,0
588,589,1,2.0,1,1,1.0,0,0,1,2,3,0
589,590,1,2.0,1,2,1.0,1,0,1,2,3,0
590,591,0,2.0,0,1,2.0,0,3,4,2,1,0
591,592,1,2.0,0,1,1.0,1,1,1,2,3,0
592,593,0,2.0,0,1,1.0,0,3,4,2,1,0
593,594,1,2.0,1,1,1.0,1,0,1,2,3,0
594,595,0,2.0,0,1,1.0,1,1,1,2,1,0
595,596,0,2.0,0,1,1.0,1,0,1,2,1,0
596,597,0,2.0,0,1,2.0,0,1,0,2,2,0
597,598,0,2.0,0,2,1.0,1,0,0,2,2,0
598,599,1,2.0,0,1,3.0,0,1,2,2,2,0
599,600,0,2.0,1,1,1.0,0,2,4,2,2,0
600,601,0,2.0,0,1,0.0,0,1,2,2,1,0
601,602,1,2.0,1,1,2.0,0,0,2,2,1,0
602,603,1,2.0,0,0,1.0,0,1,2,2,3,0
603,604,1,2.0,0,1,1.0,0,1,3,2,3,0
604,605,1,2.0,1,2,3.0,0,0,1,2,3,0
605,606,0,2.0,0,1,1.0,0,1,0,2,1,1
606,607,1,2.0,1,1,2.0,1,1,3,2,3,0
607,608,1,2.0,0,1,2.0,1,0,1,2,2,0
608,609,1,2.0,0,1,2.0,0,2,4,2,3,1
609,610,0,2.0,0,1,1.0,1,1,1,2,1,0
610,611,1,2.0,1,1,1.0,1,0,0,2,3,0
611,612,0,2.0,0,2,1.0,1,0,0,2,1,0
612,613,0,2.0,1,0,1.0,0,1,1,2,2,0
613,614,1,2.0,0,1,1.0,0,1,2,2,3,1
614,615,1,2.0,0,1,1.0,1,1,3,2,3,1
615,616,1,2.0,1,1,2.0,0,1,4,2,2,0
616,617,1,2.0,1,2,1.0,0,0,2,2,2,0
617,618,0,2.0,0,1,1.0,0,2,4,2,1,0
618,619,0,2.0,0,0,2.0,0,1,2,2,1,0
619,620,0,2.0,0,2,1.0,0,1,2,2,1,0
620,621,0,2.0,1,0,0.0,0,1,1,2,1,0
621,622,0,2.0,1,1,1.0,0,2,3,2,2,0
622,623,0,2.0,1,0,2.0,0,1,3,2,2,0
623,624,0,2.0,0,2,1.0,0,2,4,2,2,0
624,625,1,2.0,1,1,1.0,0,1,3,2,3,0
625,626,0,2.0,1,1,3.0,0,4,4,2,1,0
626,627,1,2.0,0,1,1.0,0,0,1,2,2,0
627,628,0,2.0,1,0,1.0,0,1,1,2,1,1
628,629,0,2.0,0,1,2.0,0,3,4,2,2,0
629,630,0,2.0,1,1,2.0,1,3,4,2,1,1
630,631,1,2.0,0,1,3.0,1,1,4,2,3,0
631,632,0,2.0,1,1,3.0,0,1,2,2,2,1
632,633,0,2.0,0,1,2.0,0,2,3,2,1,0
633,634,0,2.0,0,0,1.0,0,1,2,2,1,0
634,635,1,2.0,0,1,1.0,0,2,4,2,2,0
635,636,1,2.0,0,2,1.0,0,0,2,2,1,0
636,637,0,2.0,1,1,1.0,1,1,1,2,2,0
637,638,1,2.0,0,1,1.0,0,0,2,2,3,0
638,639,0,2.0,1,1,2.0,0,2,3,2,1,0
639,640,1,2.0,0,3,2.0,1,1,4,2,3,0
640,641,0,2.0,0,1,2.0,1,2,4,2,2,0
641,642,1,2.0,0,1,4.0,0,0,2,2,2,0
642,643,1,2.0,0,1,4.0,0,0,2,2,2,0
643,644,1,2.0,0,1,4.0,0,0,2,2,2,0
644,645,1,2.0,0,1,4.0,0,0,1,2,2,0
645,646,1,2.0,0,1,4.0,0,0,1,2,2,0
646,647,1,2.0,0,1,4.0,0,0,1,2,2,0
647,648,0,2.0,0,2,1.0,0,1,3,2,1,0
648,649,0,2.0,1,1,2.0,0,2,2,2,2,1
649,650,0,0.0,0,0,1.0,0,1,3,3,1,0
650,651,0,0.0,1,1,2.0,1,2,4,3,2,0
651,652,1,0.0,1,0,1.0,0,0,2,3,2,1
652,653,0,0.0,0,0,1.0,0,2,3,3,2,0
653,654,0,0.0,1,0,1.0,1,2,4,3,1,0
654,655,1,0.0,1,2,1.0,0,0,2,3,3,0
655,656,0,0.0,1,0,1.0,1,2,3,3,2,0
656,657,0,0.0,0,0,1.0,0,0,0,3,2,0
657,658,1,0.0,1,2,1.0,1,1,4,3,2,0
658,659,0,0.0,0,0,1.0,0,1,1,3,1,1
659,660,0,0.0,1,0,1.0,1,2,4,3,2,0
660,661,1,0.0,1,2,1.0,1,1,3,3,2,0
661,662,0,0.0,1,0,1.0,0,1,1,3,2,1
662,663,0,0.0,0,0,2.0,0,3,4,3,1,0
663,664,0,0.0,1,0,1.0,1,1,2,3,1,0
664,665,0,0.0,0,0,1.0,0,1,2,3,1,0
665,666,1,0.0,1,0,1.0,0,1,3,3,3,0
666,667,1,0.0,1,0,1.0,0,1,3,3,2,0
667,668,0,0.0,1,0,1.0,1,2,4,3,2,0
668,669,0,0.0,0,0,1.0,0,1,2,3,1,0
669,670,1,0.0,1,0,1.0,0,1,3,3,3,0
670,671,1,0.0,1,0,1.0,0,0,1,3,2,0
671,672,0,0.0,0,0,1.0,0,1,2,3,1,1
672,673,1,0.0,1,1,2.0,0,0,1,3,3,0
673,674,1,0.0,0,0,2.0,0,0,2,3,2,0
674,675,1,0.0,1,0,1.0,1,0,2,3,1,0
675,676,0,0.0,0,0,2.0,0,2,4,3,1,1
676,677,0,0.0,1,0,1.0,0,1,1,3,1,0
677,678,1,0.0,1,0,1.0,0,0,1,3,2,0
678,679,0,0.0,0,0,1.0,0,1,3,3,1,0
679,680,1,0.0,0,0,0.0,0,3,4,3,3,0
680,681,0,0.0,1,0,1.0,0,1,1,3,1,0
681,682,0,0.0,1,1,1.0,0,0,2,3,2,1
682,683,0,0.0,0,0,1.0,0,2,3,3,2,0
683,684,0,0.0,1,1,1.0,0,0,0,3,2,0
684,685,1,0.0,1,0,1.0,0,0,1,3,3,0
685,686,1,0.0,1,0,1.0,0,0,2,3,3,0
686,687,0,0.0,0,0,1.0,0,2,2,3,1,0
687,688,0,0.0,0,0,3.0,0,1,1,3,2,0
688,689,0,0.0,1,0,1.0,0,1,3,3,2,0
689,690,0,0.0,1,1,1.0,0,1,3,3,1,0
690,691,1,0.0,1,0,1.0,0,1,2,3,3,1
691,692,1,0.0,0,2,1.0,0,1,4,3,2,1
692,693,0,0.0,0,0,2.0,1,3,4,3,2,0
693,694,0,0.0,1,0,1.0,1,1,2,3,2,0
694,695,0,0.0,1,1,1.0,0,1,3,3,2,1
695,696,0,0.0,1,0,1.0,0,1,1,3,1,1
696,697,1,0.0,1,1,1.0,0,0,0,3,3,0
697,698,0,0.0,0,1,1.0,0,0,1,3,1,0
698,699,0,0.0,0,0,1.0,0,1,2,3,2,0
699,700,0,0.0,1,0,1.0,0,0,0,3,1,0
700,701,0,0.0,0,0,1.0,0,0,1,3,1,0
701,702,1,0.0,0,0,1.0,0,1,3,3,3,0
702,703,1,0.0,1,0,1.0,0,0,2,3,3,0
703,704,0,0.0,1,1,3.0,0,1,2,3,2,0
704,705,1,0.0,1,1,2.0,0,1,2,3,1,0
705,706,0,0.0,1,1,1.0,0,2,3,3,1,0
706,707,1,0.0,1,0,1.0,0,1,4,3,3,1
707,708,0,0.0,0,0,1.0,0,0,1,3,1,0
708,709,0,0.0,1,0,1.0,1,2,3,3,2,0
709,710,0,0.0,0,0,1.0,0,1,2,3,1,0
710,711,1,0.0,1,0,1.0,0,0,2,3,2,1
711,712,0,0.0,0,0,1.0,0,2,1,3,1,0
712,713,0,0.0,0,0,1.0,0,1,2,3,1,0
713,714,0,0.0,0,0,1.0,0,1,1,3,1,0
714,715,0,0.0,1,2,1.0,0,2,2,3,1,0
715,716,0,0.0,1,1,1.0,0,2,4,3,2,0
716,717,0,0.0,1,0,1.0,0,2,2,3,2,0
717,718,0,0.0,1,0,1.0,0,1,1,3,1,0
718,719,0,0.0,1,1,1.0,0,2,3,3,1,0
719,720,0,0.0,1,0,1.0,0,1,2,3,1,0
720,721,1,0.0,0,0,2.0,1,1,3,3,1,0
721,722,1,0.0,0,1,1.0,0,0,2,3,2,0
722,723,0,0.0,0,0,1.0,0,0,2,3,1,0
723,724,1,0.0,1,0,1.0,0,0,1,3,3,0
724,725,1,1.0,0,0,1.0,0,0,0,3,1,0
725,726,1,1.0,0,0,1.0,0,0,1,3,1,1
726,727,1,1.0,0,0,1.0,0,0,1,3,3,0
727,728,1,1.0,1,1,0.0,0,3,4,3,3,1
728,729,1,1.0,1,0,1.0,0,1,3,3,3,0
729,730,0,1.0,1,0,1.0,0,1,2,3,1,0
730,731,0,1.0,1,1,1.0,0,2,3,3,1,0
731,732,0,1.0,0,0,1.0,0,1,2,3,2,0
732,733,1,1.0,0,0,1.0,1,2,4,3,3,0
733,734,0,1.0,1,0,4.0,0,2,3,3,1,0
734,735,1,1.0,1,1,2.0,0,0,2,3,2,0
735,736,0,1.0,0,0,1.0,1,2,3,3,1,0
736,737,1,1.0,1,0,1.0,0,0,1,3,2,0
737,738,1,1.0,1,2,1.0,0,1,3,3,3,0
738,739,1,1.0,0,0,2.0,0,1,4,3,1,1
739,740,0,1.0,0,0,1.0,0,1,3,3,1,0
740,741,0,1.0,0,0,1.0,0,1,2,3,1,0
741,742,0,1.0,0,0,1.0,0,1,3,3,1,0
742,743,0,1.0,0,0,1.0,0,1,2,3,2,0
743,744,1,1.0,0,0,1.0,0,1,2,3,2,0
744,745,1,1.0,0,0,1.0,0,1,3,3,3,0
745,746,0,1.0,0,0,1.0,0,1,3,3,1,0
746,747,0,1.0,1,0,1.0,0,1,1,3,2,0
747,748,0,1.0,0,0,1.0,1,1,2,3,2,0
748,749,1,1.0,0,0,1.0,1,0,2,3,3,0
749,750,1,1.0,1,0,1.0,0,0,1,3,1,0
750,751,0,1.0,1,0,1.0,0,1,2,3,1,0
751,752,1,1.0,0,1,4.0,0,0,1,3,1,1
752,753,0,1.0,0,1,1.0,0,1,2,3,1,0
753,754,0,1.0,1,1,1.0,0,1,2,3,1,0
754,755,0,1.0,0,0,0.0,0,2,3,3,2,0
755,756,0,1.0,1,0,1.0,0,1,2,3,2,0
756,757,1,1.0,1,0,0.0,0,0,2,3,1,0
757,758,0,1.0,0,0,1.0,0,1,2,3,1,0
758,759,0,1.0,1,1,1.0,0,1,3,3,2,1
759,760,1,1.0,0,0,2.0,0,2,4,3,3,0
760,761,1,1.0,0,2,1.0,0,1,4,3,3,0
761,762,0,1.0,0,2,1.0,0,2,3,3,1,0
762,763,0,1.0,0,0,1.0,0,1,2,3,1,0
763,764,0,1.0,0,1,1.0,0,1,1,3,2,0
764,765,0,1.0,0,1,1.0,0,2,2,3,1,1
765,766,0,1.0,0,1,4.0,0,2,4,3,1,0
766,767,0,1.0,1,1,2.0,0,2,4,3,1,0
767,768,0,1.0,1,1,2.0,1,2,4,3,1,1
768,769,1,1.0,0,0,1.0,1,0,1,3,3,0
769,770,0,1.0,1,1,1.0,0,1,1,3,1,0
770,771,0,1.0,0,0,1.0,0,1,2,3,1,0
771,772,0,1.0,1,2,2.0,0,1,1,3,1,0
772,773,0,1.0,0,0,1.0,0,1,3,3,1,0
773,774,1,1.0,0,2,1.0,0,1,1,3,2,1
774,775,1,1.0,1,0,2.0,0,2,4,3,2,1
775,776,1,1.0,0,0,1.0,0,1,3,3,3,0
776,777,0,1.0,0,0,1.0,0,1,2,3,1,0
777,778,0,1.0,0,0,1.0,0,1,2,3,1,0
778,779,0,1.0,1,2,1.0,0,1,2,3,1,1
779,780,0,1.0,0,0,1.0,0,2,3,3,1,0
780,781,0,1.0,1,1,2.0,1,2,4,3,1,0
781,782,1,1.0,1,2,2.0,0,0,1,3,3,0
782,783,0,1.0,1,2,1.0,0,0,0,3,2,0
783,784,0,1.0,0,1,1.0,0,1,2,3,1,0
784,785,1,1.0,1,1,1.0,0,0,2,3,3,0
785,786,0,1.0,0,0,1.0,0,1,2,3,1,0
786,787,0,1.0,1,2,1.0,0,1,1,3,2,0
787,788,1,1.0,1,1,1.0,0,1,2,3,3,0
788,789,0,1.0,0,2,1.0,0,1,1,3,1,1
789,790,1,1.0,0,0,1.0,1,0,0,3,3,0
790,791,0,1.0,0,0,1.0,0,2,1,3,2,0
791,792,1,1.0,0,0,1.0,0,1,4,3,3,0
792,793,0,1.0,1,0,1.0,0,1,2,3,1,0
793,794,1,1.0,0,1,1.0,0,0,1,3,1,0
794,795,0,1.0,0,0,1.0,0,1,2,3,2,0
795,796,0,1.0,1,1,3.0,0,1,1,3,1,0
796,797,1,1.0,0,0,2.0,0,1,4,3,3,1
797,798,1,1.0,1,0,1.0,1,0,1,3,1,1
798,799,1,1.0,0,2,1.0,0,1,3,3,2,0
799,800,0,1.0,1,0,1.0,0,2,4,3,1,0
800,801,0,1.0,1,0,1.0,0,1,2,3,1,0
801,802,1,1.0,0,0,1.0,0,1,2,3,3,0
802,803,0,1.0,0,2,1.0,0,1,2,3,2,0
803,804,1,1.0,0,0,1.0,1,0,0,3,1,0
804,805,0,1.0,1,0,0.0,0,1,2,3,2,0
805,806,0,1.0,1,1,1.0,1,1,2,3,1,0
806,807,1,1.0,1,2,1.0,0,1,3,3,3,0
807,808,0,1.0,0,0,1.0,0,1,1,3,1,0
808,809,0,1.0,1,2,1.0,0,1,2,3,1,0
809,810,1,1.0,0,1,1.0,0,0,2,3,3,0
810,811,0,1.0,0,0,1.0,0,1,2,3,1,1
811,812,1,1.0,0,0,1.0,0,1,3,3,2,0
812,813,1,1.0,1,0,2.0,0,0,2,3,2,0
813,814,1,1.0,1,0,1.0,1,0,1,3,3,0
814,815,1,1.0,0,2,1.0,0,0,2,3,2,0
815,816,1,1.0,1,1,1.0,0,1,3,3,2,0
816,817,0,1.0,1,1,2.0,1,2,2,3,2,0
817,818,0,1.0,0,2,1.0,0,1,2,3,1,0
818,819,1,1.0,1,0,1.0,0,0,2,3,3,0
819,820,0,1.0,0,0,1.0,0,1,2,3,1,1
820,821,0,1.0,1,2,1.0,0,1,1,3,1,1
821,822,1,1.0,1,2,2.0,0,1,3,3,2,0
822,823,1,1.0,1,1,1.0,0,1,4,3,3,1
823,824,1,1.0,1,0,2.0,1,2,3,3,3,0
824,825,0,1.0,0,0,3.0,0,1,1,3,2,0
825,826,0,1.0,0,0,3.0,0,2,1,3,2,0
826,827,0,1.0,0,1,1.0,0,2,4,3,1,0
827,828,0,1.0,0,1,2.0,1,1,1,3,1,1
828,829,0,1.0,0,0,1.0,0,2,4,3,1,0
829,830,0,1.0,0,1,1.0,0,2,3,3,1,0
830,831,0,1.0,0,0,1.0,0,1,3,3,1,1
831,832,0,1.0,0,0,1.0,0,2,4,3,1,0
832,833,1,1.0,1,0,1.0,0,1,3,3,2,0
833,834,1,1.0,1,0,1.0,1,0,1,3,2,0
834,835,1,1.0,1,1,2.0,1,0,1,3,3,0
835,836,0,1.0,1,0,1.0,0,1,1,3,2,0
836,837,0,1.0,0,0,1.0,1,1,1,3,1,0
837,838,1,1.0,1,1,2.0,0,1,3,3,3,1
838,839,0,1.0,0,1,1.0,0,1,1,3,1,0
839,840,1,1.0,1,1,1.0,0,0,0,3,2,1
840,841,1,1.0,0,0,1.0,0,0,0,3,3,0
841,842,1,1.0,0,0,1.0,0,0,0,3,3,0
842,843,1,1.0,0,0,1.0,0,0,0,3,3,0
843,844,0,1.0,0,0,1.0,0,2,4,3,1,0
844,845,0,1.0,0,0,1.0,0,1,3,3,1,0
845,846,1,1.0,1,0,3.0,1,3,4,3,2,0
846,847,0,1.0,1,1,1.0,0,1,2,3,1,0
847,848,0,1.0,0,1,1.0,0,2,4,3,2,0
848,849,0,1.0,0,1,1.0,0,1,1,3,2,0
849,850,1,1.0,0,0,1.0,1,0,1,3,3,0
850,851,1,1.0,0,0,1.0,1,0,1,3,2,1
851,852,0,1.0,0,1,1.0,0,1,1,3,1,0
852,853,0,1.0,1,1,1.0,0,2,4,3,1,1
853,854,1,1.0,0,0,1.0,0,0,1,3,2,0
854,855,1,1.0,0,0,2.0,0,2,4,3,2,0
855,856,1,1.0,0,0,0.0,0,1,4,3,1,0
856,857,0,1.0,0,0,1.0,0,1,3,3,1,0
857,858,1,1.0,0,1,1.0,0,0,1,3,3,0
858,859,0,1.0,0,1,1.0,0,2,4,3,2,0
859,860,0,1.0,1,1,1.0,0,1,1,3,1,0
860,861,1,1.0,1,1,2.0,1,1,3,3,2,1
861,862,1,1.0,1,0,1.0,0,0,2,3,2,0
862,863,0,1.0,1,1,2.0,0,0,2,3,2,0
863,864,0,1.0,0,1,2.0,0,1,3,3,1,1
864,865,0,1.0,0,1,1.0,0,1,2,3,1,0
865,866,1,1.0,1,1,3.0,1,3,4,3,3,0
866,867,0,1.0,0,0,0.0,0,1,2,3,1,0
867,868,0,1.0,0,1,1.0,0,2,3,3,1,0
868,869,0,1.0,1,1,2.0,1,0,0,3,1,0
869,870,0,1.0,1,1,0.0,0,2,3,3,2,0
870,871,0,1.0,1,1,1.0,0,2,2,3,1,0
871,872,1,1.0,0,1,1.0,0,0,0,3,3,0
872,873,1,1.0,0,1,2.0,0,0,2,3,1,1
873,874,1,1.0,1,2,1.0,0,1,4,3,1,1
874,875,1,1.0,1,2,1.0,0,0,2,3,2,1
875,876,1,1.0,0,1,1.0,0,0,0,3,3,0
876,877,0,1.0,1,2,0.0,0,1,1,3,2,0
877,878,0,1.0,0,0,2.0,0,2,3,3,1,1
878,879,0,1.0,1,0,2.0,0,2,4,3,1,0
879,880,1,1.0,0,0,1.0,0,0,0,3,2,0
880,881,0,1.0,0,0,1.0,0,2,4,3,1,0
881,882,0,1.0,1,0,1.0,0,2,4,3,1,0
882,883,0,1.0,0,1,1.0,0,2,4,3,1,0
883,884,0,1.0,1,0,1.0,0,1,0,3,1,1
884,885,0,1.0,0,0,1.0,0,1,2,3,1,0
885,886,1,1.0,0,0,1.0,0,1,3,3,3,0
886,887,0,1.0,0,0,0.0,0,1,2,3,1,0
887,888,0,1.0,0,2,1.0,0,1,2,3,1,1
888,889,0,1.0,1,0,1.0,0,1,1,3,1,0
889,890,1,1.0,0,0,1.0,0,0,1,3,3,0
890,891,1,1.0,1,0,1.0,0,0,1,3,3,0
891,892,1,1.0,1,0,1.0,0,0,2,3,3,0
892,893,0,1.0,0,1,1.0,0,1,2,3,2,0
893,894,0,1.0,0,1,1.0,0,2,4,3,1,0
894,895,0,1.0,0,3,1.0,0,2,3,3,1,0
895,896,1,1.0,1,2,1.0,0,0,2,3,3,0
896,897,0,1.0,1,0,1.0,0,1,2,3,2,0
897,898,1,1.0,0,1,1.0,0,1,3,3,3,0
898,899,1,1.0,1,0,1.0,0,0,0,3,1,0
899,900,1,1.0,1,0,1.0,0,0,1,3,3,0
900,901,0,1.0,0,1,1.0,0,0,1,3,1,0
901,902,1,1.0,0,0,3.0,1,4,4,3,2,0
902,903,0,1.0,1,1,3.0,0,2,3,3,2,1
903,904,1,1.0,1,2,1.0,0,0,2,3,1,1
904,905,0,1.0,0,0,1.0,0,1,2,3,1,0
905,906,0,1.0,0,0,1.0,0,1,2,3,1,1
906,907,1,1.0,0,2,1.0,0,1,4,3,3,0
907,908,0,1.0,1,0,1.0,0,1,1,3,1,0
908,909,0,1.0,1,1,2.0,0,1,1,3,1,0
909,910,1,1.0,1,0,1.0,0,0,2,3,1,0
910,911,1,1.0,1,2,1.0,0,0,1,3,3,0
911,912,1,1.0,1,1,1.0,1,0,1,3,2,0
912,913,1,1.0,0,0,1.0,0,0,1,3,3,0
913,914,0,1.0,0,1,2.0,0,2,4,3,1,0
914,915,1,1.0,0,1,2.0,0,2,4,3,3,0
915,916,0,1.0,0,1,2.0,0,2,4,3,1,0
916,917,1,1.0,1,2,1.0,0,1,3,3,2,1
917,918,1,1.0,0,0,1.0,0,0,2,3,3,0
918,919,0,1.0,0,2,1.0,0,1,2,3,2,0
919,920,0,1.0,1,2,1.0,0,0,1,3,1,1
920,921,1,1.0,0,1,1.0,0,1,3,3,1,0
921,922,0,1.0,0,1,1.0,0,1,3,3,2,0
922,923,0,1.0,1,1,2.0,0,1,3,3,2,0
923,924,1,1.0,1,0,1.0,0,0,1,3,3,1
924,925,1,1.0,0,1,1.0,1,1,2,3,2,0
925,926,1,1.0,0,1,2.0,1,2,4,3,3,0
926,927,1,1.0,1,1,0.0,0,0,2,3,3,0
927,928,1,1.0,0,1,2.0,0,0,1,3,2,1
928,929,0,1.0,0,1,1.0,0,1,2,3,1,0
929,930,0,1.0,0,1,1.0,0,1,2,3,1,0
930,931,1,1.0,0,1,2.0,1,1,3,3,3,0
931,932,1,1.0,1,3,1.0,1,0,1,3,2,0
932,933,0,1.0,0,1,1.0,1,2,2,3,1,0
933,934,1,1.0,0,3,1.0,0,0,0,3,2,0
934,935,0,1.0,1,1,1.0,0,0,0,3,1,0
935,936,0,1.0,0,1,2.0,0,0,1,3,2,0
936,937,1,1.0,1,1,1.0,0,0,0,3,3,0
937,938,1,1.0,1,1,2.0,0,0,1,3,3,1
938,939,0,1.0,1,1,1.0,0,1,1,3,1,1
939,940,1,1.0,0,1,2.0,0,2,4,3,3,1
940,941,1,1.0,0,1,1.0,0,0,2,3,1,0
941,942,1,1.0,0,0,1.0,0,0,1,3,2,0
942,943,1,1.0,0,1,1.0,0,1,1,3,1,0
943,944,1,1.0,0,0,1.0,1,0,2,3,2,0
944,945,0,1.0,0,1,2.0,0,2,4,3,1,0
945,946,0,1.0,0,0,1.0,1,2,2,3,1,0
946,947,0,1.0,1,1,3.0,0,2,4,3,1,0
947,948,1,1.0,0,0,1.0,0,1,4,3,3,0
948,949,1,1.0,0,1,1.0,0,1,4,3,3,0
949,950,0,1.0,1,0,1.0,0,2,4,3,1,0
950,951,1,1.0,1,0,2.0,0,1,4,3,3,0
951,952,1,1.0,1,1,2.0,0,1,3,3,1,0
952,953,0,1.0,0,1,1.0,0,1,2,3,2,0
953,954,1,1.0,1,1,2.0,0,1,2,3,1,1
954,955,0,1.0,1,1,1.0,0,1,1,3,1,0
955,956,0,1.0,1,0,1.0,0,1,1,3,1,0
956,957,1,1.0,0,1,1.0,0,0,1,3,3,0
957,958,1,1.0,0,2,1.0,1,0,2,3,3,0
958,959,0,1.0,0,1,1.0,0,2,3,3,1,0
959,960,0,1.0,1,1,1.0,0,2,3,3,1,0
960,961,0,1.0,1,0,2.0,1,1,0,3,2,0
961,962,1,1.0,1,1,1.0,0,0,1,3,3,0
962,963,0,1.0,0,0,1.0,0,2,3,3,1,0
963,964,1,1.0,0,2,1.0,0,1,2,3,3,1
964,965,1,1.0,0,3,1.0,1,2,2,3,0,0
965,966,0,1.0,1,3,1.0,0,0,0,3,2,0
966,967,0,1.0,0,1,1.0,0,0,0,3,1,1
967,968,1,1.0,1,1,1.0,0,0,0,3,3,0
968,969,0,1.0,1,0,3.0,0,4,4,3,1,0
969,970,1,1.0,0,1,2.0,0,4,4,3,1,0
970,971,0,1.0,1,1,1.0,1,3,4,3,2,0
971,972,1,1.0,0,1,2.0,0,1,4,3,3,0
972,973,0,1.0,0,1,1.0,0,1,1,3,1,0
973,974,0,1.0,1,1,2.0,0,1,2,3,1,1
974,975,1,1.0,1,1,1.0,0,0,2,3,3,0
975,976,1,1.0,1,2,1.0,0,0,1,3,3,1
976,977,1,1.0,1,1,2.0,1,0,1,3,3,0
977,978,0,1.0,1,1,1.0,0,1,1,3,1,0
978,979,0,1.0,0,1,1.0,0,1,2,3,2,0
979,980,0,1.0,0,0,1.0,0,2,3,3,1,0
980,981,0,1.0,0,0,1.0,0,1,2,3,1,0
981,982,1,1.0,1,1,2.0,0,1,3,3,3,0
982,983,1,1.0,1,1,2.0,1,0,1,3,3,0
983,984,1,1.0,1,1,2.0,0,1,2,3,3,0
984,985,0,1.0,0,1,1.0,0,1,0,3,1,0
985,986,0,1.0,1,1,1.0,0,0,1,3,1,1
986,987,0,1.0,0,1,1.0,0,1,2,3,1,1
987,988,0,1.0,1,1,2.0,0,2,3,3,1,0
988,989,0,1.0,0,1,1.0,0,1,2,3,2,1
989,990,0,1.0,0,0,2.0,0,3,4,3,2,1
990,991,0,1.0,1,1,1.0,0,0,0,3,2,0
991,992,0,1.0,0,1,1.0,0,0,0,3,2,0
992,993,1,1.0,0,0,1.0,0,0,0,3,2,0
993,994,1,1.0,0,1,1.0,0,0,0,3,3,0
994,995,0,1.0,0,1,2.0,1,1,1,3,2,0
995,996,0,1.0,0,0,2.0,0,0,1,3,2,0
996,997,0,1.0,1,0,0.0,0,1,1,3,1,1
997,998,0,1.0,1,0,1.0,0,1,2,3,1,0
998,999,0,1.0,0,0,1.0,0,1,1,3,2,0
999,1000,1,1.0,1,0,1.0,0,1,3,3,1,0
1000,1001,1,1.0,1,2,1.0,0,0,1,3,3,0
1001,1002,1,1.0,0,1,1.0,0,1,3,3,1,1
1002,1003,0,1.0,0,1,0.0,0,3,4,3,2,0
1003,1004,0,1.0,1,0,1.0,0,1,0,3,1,0
1004,1005,1,1.0,1,1,2.0,1,1,4,3,2,0
1005,1006,1,1.0,1,0,2.0,0,1,4,3,2,0
1006,1007,0,1.0,0,1,1.0,0,1,2,3,2,0
1007,1008,0,1.0,1,1,1.0,0,2,4,3,1,0
1008,1009,1,1.0,0,0,1.0,1,0,2,3,3,0
1009,1010,1,1.0,0,1,1.0,0,0,1,3,3,0
1010,1011,1,1.0,1,1,2.0,0,0,2,3,3,0
1011,1012,1,1.0,0,2,3.0,1,1,3,3,2,0
1012,1013,0,1.0,0,1,2.0,0,1,2,3,1,1
1013,1014,1,1.0,0,1,2.0,0,2,4,3,1,1
1014,1015,1,1.0,0,1,1.0,1,1,4,3,2,0
1015,1016,1,2.0,0,2,2.0,0,1,3,3,3,1
1016,1017,0,2.0,0,0,2.0,0,2,3,3,1,1
1017,1018,0,2.0,1,0,1.0,0,1,1,3,2,0
1018,1019,0,2.0,1,2,1.0,0,2,4,3,1,0
1019,1020,0,2.0,1,1,2.0,0,2,4,3,1,0
1020,1021,0,2.0,1,1,1.0,0,1,2,3,1,0
1021,1022,0,2.0,1,2,1.0,0,1,2,3,1,0
1022,1023,0,2.0,0,1,1.0,1,2,4,3,1,0
1023,1024,1,2.0,1,0,1.0,0,1,3,3,1,1
1024,1025,1,2.0,0,2,1.0,0,0,2,3,3,0
1025,1026,1,2.0,0,1,2.0,0,0,2,3,2,0
1026,1027,0,2.0,1,1,1.0,0,2,3,3,1,0
1027,1028,1,2.0,0,1,0.0,1,1,1,3,3,1
1028,1029,1,2.0,0,1,2.0,0,2,4,3,3,0
1029,1030,0,2.0,1,2,1.0,0,1,2,3,1,0
1030,1031,1,2.0,0,1,2.0,1,1,3,3,1,0
1031,1032,1,2.0,0,1,1.0,0,0,2,3,3,0
1032,1033,0,2.0,1,1,1.0,0,2,3,3,1,0
1033,1034,0,2.0,1,2,1.0,0,2,4,3,2,0
1034,1035,0,2.0,0,1,1.0,0,2,4,3,1,0
1036,1037,0,2.0,1,1,2.0,1,2,2,3,2,0
1037,1038,0,2.0,0,1,1.0,0,1,2,3,1,1
1038,1039,0,2.0,0,1,1.0,0,1,1,3,1,0
1039,1040,0,2.0,0,2,2.0,0,1,1,3,2,1
1040,1041,0,2.0,1,1,2.0,0,1,3,3,1,0
1041,1042,1,2.0,1,1,1.0,0,0,1,3,3,1
1042,1043,0,2.0,0,1,2.0,1,2,4,3,2,1
1043,1044,1,2.0,0,1,1.0,0,0,0,3,3,0
1044,1045,1,2.0,1,1,2.0,0,2,4,3,3,0
1045,1046,0,2.0,1,3,1.0,0,1,1,3,2,0
1046,1047,0,2.0,0,1,1.0,0,1,2,3,1,0
1047,1048,1,2.0,1,1,1.0,1,2,0,3,3,0
1048,1049,1,2.0,0,1,2.0,1,0,1,3,3,0
1049,1050,0,2.0,0,1,2.0,0,2,4,3,1,1
1050,1051,1,2.0,1,1,3.0,1,3,4,3,1,1
1051,1052,1,2.0,1,2,1.0,1,0,0,3,3,1
1052,1053,1,2.0,1,1,1.0,1,0,0,3,2,0
1053,1054,0,2.0,1,0,1.0,0,1,3,3,2,0
1054,1055,0,2.0,1,1,1.0,0,1,1,3,2,0
1055,1056,0,2.0,0,1,2.0,1,3,4,3,1,0
1056,1057,1,2.0,1,1,2.0,1,1,2,3,3,0
1058,1059,1,2.0,0,1,2.0,0,1,3,3,3,0
1059,1060,0,2.0,1,1,2.0,0,1,2,3,1,0
1060,1061,0,2.0,1,1,2.0,0,1,3,3,1,0
1061,1062,0,2.0,1,1,2.0,1,1,2,3,1,0
1062,1063,0,2.0,0,1,2.0,0,1,2,3,1,1
1063,1064,1,2.0,0,0,1.0,0,0,1,3,1,0
1064,1065,1,2.0,1,0,1.0,0,0,0,3,3,1
1065,1066,1,2.0,0,1,3.0,0,2,4,3,3,1
1066,1067,0,2.0,0,1,1.0,0,2,3,3,1,1
1067,1068,1,2.0,0,1,3.0,0,0,2,3,3,0
1068,1069,1,2.0,0,1,2.0,0,0,2,3,2,0
1069,1070,1,2.0,1,0,1.0,0,0,2,3,1,0
1070,1071,1,2.0,0,2,1.0,0,0,2,3,3,0
1071,1072,1,2.0,1,1,2.0,0,2,4,3,2,0
1072,1073,0,2.0,0,2,1.0,0,2,3,3,1,1
1073,1074,0,2.0,1,1,2.0,0,3,4,3,1,0
1074,1075,1,2.0,1,2,1.0,1,0,0,3,2,0
1075,1076,1,2.0,0,1,1.0,0,1,4,3,2,0
1076,1077,0,2.0,0,1,1.0,0,1,2,3,2,0
1077,1078,1,2.0,1,1,1.0,0,1,3,3,3,0
1078,1079,1,2.0,0,1,2.0,1,1,3,3,3,0
1079,1080,0,2.0,1,1,2.0,0,2,4,3,2,1
1080,1081,0,2.0,1,1,2.0,0,3,4,3,2,0
1081,1082,1,2.0,1,1,1.0,0,1,4,3,3,0
1082,1083,0,2.0,0,2,3.0,0,1,2,3,1,1
1083,1084,0,2.0,0,0,1.0,0,2,3,3,1,0
1084,1085,0,2.0,0,1,1.0,0,2,3,3,1,0
1085,1086,1,2.0,0,1,2.0,0,1,1,3,2,0
1086,1087,0,2.0,1,1,1.0,1,1,1,3,1,0
1087,1088,0,2.0,0,1,1.0,0,1,2,3,1,0
1088,1089,0,2.0,0,1,1.0,0,1,3,3,1,0
1089,1090,0,2.0,0,1,2.0,0,2,4,3,1,0
1090,1091,0,2.0,1,1,3.0,0,3,4,3,1,0
1091,1092,0,2.0,0,1,2.0,0,2,3,3,1,0
1092,1093,1,2.0,0,1,1.0,1,1,2,3,1,0
1093,1094,1,2.0,1,1,2.0,0,2,4,3,2,0
1094,1095,1,2.0,0,1,2.0,0,2,4,3,3,0
1095,1096,1,2.0,0,1,1.0,0,0,0,3,3,0
1096,1097,0,2.0,1,1,3.0,1,3,4,3,2,0
1097,1098,0,2.0,0,1,2.0,0,1,2,3,1,0
1098,1099,0,2.0,1,1,2.0,1,3,4,3,2,0
1099,1100,0,2.0,1,0,2.0,0,0,0,3,1,0
1100,1101,0,2.0,1,0,2.0,0,1,1,3,1,0
1101,1102,1,2.0,1,0,1.0,0,0,0,3,3,0
1102,1103,1,2.0,0,0,1.0,0,0,1,3,3,0
1103,1104,0,2.0,0,1,2.0,0,2,4,3,1,0
1104,1105,0,2.0,0,1,2.0,0,2,4,3,1,0
1105,1106,1,2.0,1,1,1.0,0,1,4,3,3,0
1106,1107,0,2.0,1,1,1.0,1,1,1,3,1,0
1107,1108,1,2.0,0,1,3.0,0,2,4,3,1,0
1108,1109,1,2.0,1,1,3.0,1,3,4,3,2,0
1109,1110,1,2.0,1,2,1.0,0,1,2,3,1,0
1110,1111,1,2.0,1,1,1.0,0,0,1,3,3,1
1111,1112,0,2.0,0,1,3.0,0,3,4,3,2,0
1112,1113,1,2.0,0,2,2.0,0,1,2,3,1,0
1113,1114,0,2.0,0,1,0.0,0,1,3,3,2,0
1114,1115,0,2.0,1,0,4.0,0,1,1,3,2,0
1115,1116,1,2.0,1,1,1.0,1,1,2,3,3,0
1116,1117,0,2.0,1,1,4.0,1,0,0,3,2,0
1117,1118,0,2.0,1,1,4.0,1,0,0,3,2,0
1119,1120,0,2.0,0,1,2.0,0,2,4,3,1,0
1120,1121,1,2.0,1,1,2.0,0,0,2,3,2,0
1121,1122,0,2.0,0,1,2.0,1,3,4,3,2,1
1122,1123,0,2.0,0,0,1.0,0,2,4,3,1,0
1123,1124,1,2.0,1,3,1.0,0,0,1,3,3,0
1124,1125,1,2.0,1,1,1.0,0,2,4,3,3,1
1125,1126,0,2.0,1,0,1.0,0,1,1,3,1,1
1126,1127,0,2.0,0,2,2.0,0,1,1,3,2,0
1127,1128,1,2.0,0,2,1.0,0,0,2,3,2,0
1128,1129,1,2.0,0,2,1.0,0,0,1,3,2,0
1129,1130,0,2.0,1,2,1.0,0,0,0,3,1,0
1130,1131,1,2.0,1,1,2.0,0,2,4,3,1,0
1131,1132,1,2.0,0,1,2.0,1,0,2,3,3,0
1132,1133,0,2.0,0,1,1.0,1,2,2,3,1,0
1133,1134,0,2.0,0,1,1.0,1,1,1,3,1,0
1134,1135,0,2.0,0,1,3.0,1,2,4,3,2,0
1135,1136,0,2.0,1,1,1.0,0,1,1,3,1,0
1136,1137,0,2.0,0,0,1.0,0,2,4,3,1,1
1137,1138,0,2.0,0,1,2.0,0,2,3,3,1,0
1138,1139,1,2.0,1,1,3.0,1,2,4,3,3,0
1139,1140,0,2.0,0,0,1.0,0,2,3,3,1,0
1140,1141,0,2.0,1,2,2.0,0,3,4,3,1,0
1141,1142,0,2.0,0,2,1.0,0,1,0,3,1,0
1142,1143,0,2.0,0,1,1.0,0,0,0,3,2,0
1143,1144,1,2.0,0,1,1.0,0,0,2,3,3,0
1144,1145,0,2.0,0,1,3.0,1,3,4,3,2,0
1145,1146,0,2.0,0,1,3.0,0,3,4,3,1,0
1146,1147,0,2.0,1,1,1.0,0,2,3,3,1,0
1147,1148,1,2.0,0,1,4.0,1,0,0,3,3,0
1148,1149,1,2.0,0,1,4.0,1,0,0,3,3,0
1149,1150,0,2.0,0,0,1.0,0,0,2,3,1,0
1150,1151,0,2.0,0,0,1.0,0,2,2,3,1,0
1151,1152,0,2.0,1,1,2.0,0,1,4,3,2,0
1152,1153,1,2.0,0,2,1.0,0,1,2,3,2,0
1153,1154,0,2.0,1,1,1.0,0,1,3,3,1,0
1154,1155,0,2.0,0,1,2.0,0,1,1,3,1,0
1155,1156,1,2.0,0,1,2.0,0,1,4,3,3,0
1156,1157,0,2.0,0,1,1.0,0,2,4,3,1,0
1157,1158,1,2.0,1,0,2.0,0,2,4,3,1,1
1158,1159,1,2.0,0,1,1.0,1,1,1,3,3,0
1159,1160,0,2.0,0,1,0.0,0,1,3,3,2,0
1160,1161,1,2.0,1,0,1.0,0,0,2,3,3,0
1161,1162,0,2.0,1,1,2.0,0,1,3,3,2,0
1162,1163,1,2.0,0,1,1.0,0,0,0,3,3,0
1163,1164,0,2.0,0,1,1.0,0,0,0,3,2,0
1164,1165,0,2.0,0,3,1.0,0,0,0,3,1,0
1165,1166,1,2.0,0,1,3.0,0,3,4,3,3,1
1166,1167,0,2.0,1,1,1.0,0,2,4,3,1,0
1167,1168,1,2.0,0,1,2.0,1,2,4,3,1,1
1168,1169,1,2.0,0,1,1.0,0,0,2,3,1,0
1169,1170,1,2.0,1,1,3.0,1,1,4,3,3,0
1170,1171,1,2.0,0,0,2.0,0,1,4,3,3,0
1171,1172,0,2.0,0,0,2.0,0,1,2,3,1,0
1173,1174,1,2.0,1,3,2.0,0,0,2,3,3,0
1174,1175,1,2.0,1,1,1.0,0,0,1,3,3,0
1175,1176,0,2.0,0,1,1.0,0,1,2,3,1,1
1176,1177,0,2.0,0,1,2.0,0,1,1,3,2,1
1177,1178,0,2.0,0,1,1.0,1,1,2,3,1,0
1178,1179,0,2.0,0,1,3.0,0,1,1,3,2,0
1179,1180,0,2.0,0,1,3.0,0,2,4,3,2,0
1180,1181,1,2.0,1,1,0.0,0,3,4,3,3,1
1181,1182,0,2.0,1,2,1.0,0,1,1,3,2,0
1182,1183,0,2.0,0,1,2.0,0,1,3,3,1,0
1183,1184,0,2.0,0,1,2.0,1,1,2,3,2,0
1184,1185,0,2.0,1,1,2.0,0,3,4,3,1,0
1185,1186,0,2.0,0,1,2.0,0,1,2,3,2,0
1186,1187,0,2.0,0,1,2.0,0,1,2,3,1,0
1187,1188,0,2.0,0,1,2.0,0,1,1,3,2,0
1188,1189,1,2.0,1,1,3.0,0,2,4,3,3,1
1189,1190,1,2.0,0,1,1.0,0,0,2,3,3,0
1190,1191,0,2.0,0,1,2.0,0,2,2,3,2,0
1191,1192,0,2.0,0,1,2.0,0,2,2,3,2,0
1192,1193,0,2.0,0,0,2.0,0,2,4,3,1,0
1193,1194,1,1.0,1,3,1.0,1,0,1,4,3,0
1194,1195,0,1.0,0,0,1.0,0,2,4,4,2,0
1195,1196,1,1.0,1,0,1.0,0,0,2,4,2,1
1196,1197,0,1.0,0,1,1.0,0,1,2,4,1,0
1197,1198,0,1.0,1,1,1.0,0,1,2,4,1,0
1198,1199,1,1.0,0,1,2.0,0,3,4,4,3,1
1199,1200,1,1.0,0,1,1.0,0,1,3,4,1,0
1200,1201,0,1.0,0,1,1.0,0,1,1,4,2,1
1201,1202,0,1.0,0,1,2.0,0,2,4,4,1,1
1202,1203,1,1.0,1,0,1.0,1,0,1,4,3,0
1203,1204,1,1.0,0,0,1.0,0,0,1,4,1,0
1204,1205,0,1.0,1,1,1.0,0,1,1,4,1,0
1205,1206,1,1.0,1,0,2.0,0,1,3,4,2,1
1206,1207,0,1.0,1,1,4.0,0,1,1,4,1,0
1207,1208,0,1.0,0,1,2.0,0,2,3,4,2,0
1208,1209,0,2.0,0,1,3.0,0,3,4,4,2,1
1209,1210,1,2.0,1,1,1.0,0,0,2,4,3,0
1210,1211,0,2.0,0,1,2.0,0,1,2,4,2,0
1211,1212,1,2.0,1,1,2.0,0,0,0,4,3,0
1212,1213,1,2.0,1,1,1.0,0,0,0,4,2,0
1213,1214,1,2.0,1,1,1.0,0,0,1,4,2,0
1214,1215,1,2.0,0,3,1.0,0,0,0,4,3,0
1215,1216,0,2.0,0,0,2.0,0,2,3,4,1,1
1216,1217,0,2.0,1,1,3.0,0,4,4,4,2,0
1217,1218,0,2.0,1,1,2.0,0,2,4,4,1,1
1218,1219,0,2.0,0,2,1.0,0,1,1,4,2,0
1219,1220,0,2.0,1,1,0.0,0,1,2,4,1,1
1220,1221,1,2.0,1,2,1.0,0,1,4,4,2,0
1221,1222,0,2.0,0,0,2.0,0,2,4,4,2,0
1222,1223,1,2.0,1,1,1.0,0,1,3,4,2,0
1223,1224,0,2.0,1,1,1.0,0,1,2,4,1,1
1224,1225,0,2.0,0,2,1.0,0,1,2,4,2,0
1225,1226,1,2.0,0,0,1.0,0,1,4,4,1,0
1226,1227,0,2.0,0,1,1.0,0,2,3,4,2,0
1227,1228,0,2.0,0,0,1.0,0,1,2,4,1,0
1228,1229,0,2.0,0,1,1.0,0,2,3,4,1,0
1229,1230,1,2.0,0,1,1.0,0,1,3,4,3,0
1230,1231,1,2.0,0,1,1.0,1,0,2,4,2,0
1231,1232,0,2.0,0,1,2.0,0,3,4,4,2,0
1232,1233,0,2.0,0,1,0.0,0,3,4,4,1,1
1233,1234,0,2.0,0,3,,0,3,4,4,2,0
1234,1235,1,2.0,0,1,1.0,1,0,2,4,3,0
1235,1236,0,2.0,0,2,1.0,0,2,3,4,2,0
1236,1237,0,2.0,0,1,1.0,0,0,0,4,2,0
1237,1238,0,2.0,0,1,1.0,0,0,0,4,2,0
1238,1239,1,2.0,0,1,1.0,0,0,0,4,2,0
1239,1240,1,1.0,1,1,1.0,0,1,2,4,2,0
1240,1241,1,1.0,1,2,2.0,0,1,4,4,3,0
1241,1242,1,2.0,1,3,4.0,0,0,2,4,3,0
1242,1243,1,2.0,1,1,1.0,0,1,3,4,3,0
1243,1244,0,2.0,1,1,2.0,0,1,2,4,1,0
1244,1245,1,2.0,0,0,1.0,0,1,4,4,2,0
1245,1246,0,1.0,1,1,4.0,0,3,4,4,1,0
1246,1247,1,2.0,1,1,1.0,0,0,2,4,2,0
1247,1248,0,,0,0,2.0,0,2,4,5,1,0
1248,1249,0,0.0,0,0,3.0,0,2,3,5,2,0
1249,1250,0,0.0,0,0,2.0,0,3,4,5,1,0
1250,1251,1,0.0,0,0,1.0,0,0,2,5,3,0
1251,1252,0,0.0,1,1,1.0,0,2,4,5,1,0
1252,1253,1,0.0,1,0,1.0,0,0,2,5,3,1
1253,1254,0,0.0,1,0,1.0,0,1,1,5,1,1
1254,1255,1,0.0,0,0,1.0,0,0,2,5,2,1
1255,1256,0,0.0,1,1,1.0,0,1,2,5,1,0
1256,1257,1,0.0,1,0,1.0,0,1,4,5,3,0
1257,1258,1,0.0,1,0,1.0,0,1,2,5,3,0
1258,1259,0,0.0,0,0,1.0,0,2,3,5,1,0
1259,1260,0,0.0,1,0,1.0,0,1,3,5,1,0
1260,1261,1,0.0,1,1,2.0,0,1,4,5,3,0
1261,1262,1,0.0,0,0,1.0,0,1,4,5,3,0
1262,1263,1,0.0,1,0,1.0,0,1,3,5,2,0
1263,1264,1,0.0,1,0,1.0,0,1,3,5,3,1
1264,1265,0,0.0,0,0,1.0,0,1,2,5,1,1
1265,1266,1,0.0,0,0,2.0,0,0,2,5,3,1
1266,1267,1,0.0,0,0,2.0,0,0,2,5,2,0
1267,1268,1,0.0,0,2,1.0,0,0,1,5,2,0
1268,1269,0,0.0,1,0,1.0,0,1,2,5,1,0
1269,1270,0,0.0,1,0,1.0,0,2,3,5,2,0
1270,1271,1,0.0,1,0,1.0,0,0,1,5,3,0
1271,1272,0,0.0,0,1,1.0,0,1,2,5,1,0
1272,1273,1,0.0,0,0,1.0,0,0,2,5,2,0
1273,1274,0,0.0,1,0,1.0,0,1,2,5,2,0
1274,1275,0,0.0,0,0,4.0,0,1,2,5,1,0
1275,1276,0,0.0,1,0,1.0,0,1,2,5,1,0
1276,1277,0,0.0,0,0,1.0,0,1,2,5,1,0
1277,1278,0,0.0,0,0,1.0,0,1,1,5,1,0
1278,1279,1,1.0,0,0,1.0,0,0,0,5,3,0
1279,1280,0,1.0,0,0,1.0,0,2,3,5,1,1
1280,1281,1,1.0,1,0,1.0,0,1,4,5,3,0
1281,1282,0,1.0,1,0,1.0,0,1,2,5,1,1
1282,1283,0,1.0,1,0,0.0,0,1,3,5,1,0
1283,1284,0,1.0,0,0,1.0,0,1,3,5,2,0
1284,1285,0,1.0,0,0,1.0,0,1,2,5,2,0
1285,1286,0,1.0,0,0,1.0,0,1,1,5,1,0
1286,1287,0,1.0,1,0,1.0,0,2,3,5,1,1
1287,1288,1,1.0,1,1,1.0,0,0,2,5,2,0
1288,1289,1,1.0,0,1,2.0,0,2,4,5,3,0
1289,1290,0,1.0,0,0,1.0,0,0,1,5,2,0
1290,1291,1,1.0,1,1,1.0,0,0,0,5,3,0
1291,1292,1,1.0,0,1,1.0,0,0,0,5,3,0
1292,1293,0,1.0,0,0,1.0,0,1,2,5,1,1
1293,1294,0,1.0,1,0,1.0,0,1,2,5,1,0
1294,1295,1,1.0,1,1,1.0,0,1,2,5,1,0
1295,1296,1,1.0,1,0,1.0,0,1,3,5,3,0
1296,1297,1,1.0,1,1,3.0,0,4,4,5,2,1
1297,1298,1,1.0,0,0,1.0,0,1,3,5,3,0
1298,1299,0,1.0,0,1,1.0,0,1,2,5,1,0
1299,1300,0,1.0,1,1,2.0,0,3,4,5,1,0
1300,1301,1,1.0,0,0,1.0,0,0,0,5,3,1
1301,1302,1,1.0,1,0,1.0,0,0,2,5,1,1
1302,1303,0,1.0,0,0,1.0,0,2,4,5,1,0
1303,1304,1,1.0,0,1,1.0,0,1,4,5,3,1
1304,1305,0,1.0,0,2,1.0,0,1,3,5,1,0
1305,1306,1,1.0,1,1,1.0,0,1,3,5,1,0
1306,1307,1,1.0,1,2,2.0,0,0,1,5,2,0
1307,1308,0,1.0,1,2,1.0,0,2,3,5,1,1
1308,1309,0,1.0,0,2,1.0,0,1,2,5,1,0
1309,1310,1,1.0,0,0,1.0,0,0,2,5,3,0
1310,1311,0,1.0,1,0,1.0,0,0,2,5,2,0
1311,1312,0,1.0,0,0,1.0,0,1,3,5,1,0
1312,1313,1,1.0,0,1,1.0,0,0,1,5,2,0
1313,1314,0,1.0,1,2,1.0,0,2,4,5,1,1
1314,1315,1,1.0,1,1,1.0,0,0,0,5,3,1
1315,1316,1,1.0,0,1,2.0,0,3,4,5,3,0
1316,1317,1,1.0,0,0,1.0,0,0,1,5,2,0
1317,1318,1,1.0,0,2,2.0,0,0,2,5,2,0
1318,1319,0,1.0,1,0,1.0,0,1,2,5,1,0
1319,1320,0,1.0,1,1,1.0,0,0,0,5,1,0
1320,1321,1,1.0,1,1,1.0,0,1,3,5,3,1
1321,1322,1,1.0,1,0,1.0,0,1,3,5,3,0
1322,1323,0,1.0,0,0,1.0,0,1,2,5,1,1
1323,1324,0,1.0,0,0,2.0,0,1,2,5,1,0
1324,1325,1,1.0,1,0,1.0,0,1,4,5,3,0
1325,1326,0,1.0,1,1,1.0,0,1,2,5,1,0
1326,1327,0,1.0,1,1,1.0,0,1,3,5,1,0
1327,1328,0,1.0,1,1,1.0,0,2,3,5,1,0
1328,1329,0,1.0,0,1,1.0,0,1,2,5,1,1
1329,1330,0,1.0,0,1,1.0,0,2,3,5,2,0
1330,1331,1,1.0,1,0,1.0,0,0,0,5,2,0
1331,1332,1,1.0,1,0,1.0,0,0,0,5,3,0
1332,1333,0,1.0,1,1,2.0,0,3,4,5,2,1
1333,1334,1,1.0,0,0,1.0,0,0,2,5,2,0
1334,1335,0,1.0,0,1,1.0,0,2,3,5,1,0
1335,1336,0,1.0,0,0,1.0,0,2,3,5,1,0
1336,1337,0,1.0,0,0,1.0,0,1,3,5,2,0
1337,1338,1,1.0,0,1,1.0,0,0,0,5,3,0
1338,1339,1,1.0,0,1,2.0,0,1,3,5,3,0
1339,1340,0,1.0,1,1,2.0,0,3,4,5,1,1
1340,1341,0,1.0,0,0,1.0,0,1,0,5,2,1
1341,1342,0,1.0,0,1,1.0,0,1,1,5,1,0
1342,1343,0,1.0,0,1,1.0,0,1,1,5,2,0
1343,1344,0,1.0,0,2,1.0,0,1,2,5,1,0
1344,1345,0,1.0,1,2,1.0,0,1,2,5,1,0
1345,1346,0,1.0,0,1,1.0,0,1,1,5,1,0
1346,1347,0,1.0,0,2,1.0,0,1,1,5,1,1
1347,1348,1,1.0,1,0,1.0,0,0,1,5,3,0
1348,1349,1,1.0,0,1,2.0,0,0,1,5,2,0
1349,1350,0,1.0,1,0,1.0,0,2,3,5,1,0
1350,1351,1,1.0,1,0,1.0,0,2,4,5,3,0
1351,1352,1,1.0,0,1,1.0,0,1,4,5,3,0
1352,1353,1,1.0,0,0,1.0,0,1,3,5,2,0
1353,1354,1,1.0,1,1,1.0,0,1,3,5,2,0
1354,1355,0,1.0,0,2,1.0,0,1,2,5,1,0
1355,1356,0,1.0,1,0,1.0,0,1,2,5,2,0
1356,1357,0,1.0,0,1,3.0,0,3,4,5,2,0
1357,1358,1,1.0,1,0,2.0,0,3,4,5,3,1
1358,1359,1,1.0,0,1,1.0,0,2,4,5,1,0
1359,1360,0,1.0,0,1,1.0,0,0,0,5,2,0
1360,1361,0,1.0,1,3,3.0,0,0,0,5,2,0
1361,1362,1,1.0,1,3,3.0,0,0,0,5,2,0
1362,1363,0,1.0,1,1,1.0,0,2,3,5,2,0
1363,1364,0,1.0,1,1,2.0,0,3,4,5,1,0
1364,1365,1,1.0,1,2,0.0,0,0,2,5,2,1
1365,1366,0,1.0,0,0,1.0,0,1,2,5,1,0
1366,1367,1,1.0,0,0,1.0,0,1,3,5,3,0
1367,1368,1,1.0,0,1,1.0,0,0,2,5,2,0
1368,1369,0,1.0,1,1,2.0,0,1,3,5,2,0
1369,1370,0,1.0,1,0,1.0,0,1,3,5,2,0
1370,1371,0,1.0,0,1,1.0,0,2,3,5,1,1
1371,1372,0,1.0,0,1,1.0,0,1,1,5,1,0
1372,1373,0,1.0,1,0,1.0,0,1,1,5,1,0
1373,1374,0,1.0,1,1,1.0,0,2,4,5,2,0
1374,1375,1,1.0,0,0,2.0,0,2,4,5,3,1
1375,1376,0,1.0,0,1,1.0,0,1,3,5,1,0
1376,1377,0,1.0,0,1,3.0,0,1,2,5,2,0
1377,1378,1,1.0,0,1,3.0,0,0,2,5,3,0
1378,1379,1,1.0,0,0,2.0,0,1,2,5,3,0
1379,1380,0,1.0,0,0,2.0,0,3,4,5,2,0
1380,1381,0,1.0,1,0,0.0,0,2,4,5,1,0
1381,1382,0,1.0,0,0,2.0,0,2,4,5,2,0
1382,1383,0,1.0,1,1,1.0,0,2,3,5,1,0
1383,1384,1,1.0,0,1,2.0,0,0,2,5,3,0
1384,1385,0,1.0,0,0,1.0,0,1,2,5,1,0
1385,1386,1,1.0,0,0,1.0,0,1,3,5,3,0
1386,1387,1,1.0,0,1,2.0,0,1,4,5,2,0
1387,1388,0,1.0,1,0,1.0,0,2,3,5,1,0
1388,1389,1,1.0,0,0,1.0,0,1,4,5,2,0
1389,1390,0,1.0,1,0,1.0,0,2,4,5,2,1
1390,1391,1,1.0,1,1,2.0,0,0,2,5,2,0
1391,1392,1,1.0,0,1,2.0,0,1,4,5,3,0
1392,1393,1,1.0,1,1,1.0,1,2,4,5,2,0
1393,1394,0,1.0,1,1,1.0,1,1,2,5,2,0
1394,1395,1,1.0,0,2,1.0,0,0,2,5,3,0
1395,1396,1,1.0,1,1,1.0,1,0,2,5,2,0
1396,1397,1,1.0,1,1,3.0,0,2,4,5,1,0
1397,1398,1,1.0,0,0,1.0,0,1,4,5,2,0
1398,1399,0,1.0,1,1,1.0,0,1,3,5,1,0
1399,1400,1,1.0,0,2,1.0,0,0,0,5,3,0
1400,1401,0,1.0,0,1,2.0,0,3,4,5,1,1
1401,1402,1,1.0,1,0,1.0,0,0,2,5,1,0
1402,1403,1,2.0,1,1,2.0,0,1,4,5,3,0
1403,1404,1,2.0,0,0,2.0,0,1,4,5,2,0
1404,1405,0,2.0,1,1,2.0,0,2,4,5,1,0
1405,1406,0,2.0,0,0,1.0,0,1,3,5,1,0
1406,1407,1,2.0,0,0,2.0,0,0,2,5,3,0
1407,1408,1,2.0,1,0,2.0,0,2,4,5,2,0
1408,1409,0,2.0,0,2,1.0,0,2,4,5,1,0
1409,1410,0,2.0,1,1,1.0,1,1,2,5,2,0
1410,1411,0,2.0,0,1,1.0,0,1,3,5,1,0
1411,1412,1,2.0,0,1,2.0,0,2,4,5,2,0
